,,,,nation,pos,age,born,90s,Total,Total,Total,Total,Total,Short,Short,Short,Medium,Medium,Medium,Long,Long,Long,Ast,xAG,Expected,Expected,KP,1/3,PPA,CrsPA,PrgP
,,,,,,,,,Cmp,Att,Cmp%,TotDist,PrgDist,Cmp,Att,Cmp%,Cmp,Att,Cmp%,Cmp,Att,Cmp%,,,xA,A-xAG,,,,,
league,season,team,player,,,,,,,,,,,,,,,,,,,,,,,,,,,,
ESP-La Liga,2223,Almería,Adri Embarba,ESP,"FW,MF",30,1992,16.4,356,557,63.9,6340,1897,162,200,81.0,122,178,68.5,48,110,43.6,3,3.4,2.6,-0.4,32,22,12,6,47
ESP-La Liga,2223,Almería,Alejandro Pozo Pozo,ESP,DF,23,1999,20.9,814,1117,72.9,13478,5554,421,470,89.6,303,392,77.3,72,174,41.4,3,3.6,2.6,-0.6,24,40,21,16,64
ESP-La Liga,2223,Almería,Arnau Puigmal,ESP,"MF,FW",21,2001,8.5,193,274,70.4,2779,909,117,138,84.8,64,94,68.1,9,23,39.1,0,0.5,0.8,-0.5,8,9,7,3,16
ESP-La Liga,2223,Almería,Chumi,ESP,DF,23,1999,16.5,664,806,82.4,11229,4521,313,339,92.3,291,335,86.9,47,96,49.0,0,0.1,0.2,-0.1,2,35,3,2,32
ESP-La Liga,2223,Almería,Curro,ESP,MF,26,1996,0.5,21,28,75.0,310,133,10,12,83.3,4,6,66.7,3,4,75.0,0,0.2,0.2,-0.2,2,1,1,0,1
ESP-La Liga,2223,Almería,César de la Hoz,ESP,MF,30,1992,18.6,435,556,78.2,8183,2869,185,212,87.3,189,226,83.6,56,93,60.2,0,0.9,0.9,-0.9,5,54,5,2,49
ESP-La Liga,2223,Almería,Diego Mariño,ESP,GK,32,1990,0.5,7,8,87.5,261,204,0,0,,4,4,100.0,3,4,75.0,0,0.0,0.0,0.0,0,0,0,0,0
ESP-La Liga,2223,Almería,Dyego Sousa,POR,FW,32,1989,5.9,107,160,66.9,1396,361,60,83,72.3,38,52,73.1,2,6,33.3,1,1.0,0.9,0.0,10,4,5,0,16
ESP-La Liga,2223,Almería,El Bilal Touré,MLI,FW,20,2001,14.0,183,258,70.9,2226,311,130,158,82.3,44,65,67.7,2,2,100.0,2,1.3,0.7,0.7,14,7,3,1,14
ESP-La Liga,2223,Almería,Fernando,ESP,GK,32,1990,36.5,919,1313,70.0,27494,20366,132,133,99.2,440,448,98.2,342,721,47.4,0,0.0,0.0,0.0,0,16,0,0,0
ESP-La Liga,2223,Almería,Fernando Pacheco,ESP,GK,30,1992,1.0,20,31,64.5,617,423,2,2,100.0,10,11,90.9,8,17,47.1,0,0.0,0.0,0.0,0,1,0,0,0
ESP-La Liga,2223,Almería,Francisco Portillo,ESP,"MF,FW",32,1990,8.0,365,459,79.5,5407,1875,211,240,87.9,115,136,84.6,22,41,53.7,1,1.0,1.9,0.0,13,49,18,3,74
ESP-La Liga,2223,Almería,Gonzalo Melero,ESP,MF,28,1994,20.6,652,755,86.4,10427,2627,329,365,90.1,243,276,88.0,52,63,82.5,3,1.8,1.3,1.2,19,72,13,0,97
ESP-La Liga,2223,Almería,Houboulang Mendes,GNB,DF,24,1998,9.8,239,335,71.3,3634,1451,137,152,90.1,78,117,66.7,17,47,36.2,1,0.3,0.2,0.7,4,14,6,3,18
ESP-La Liga,2223,Almería,José Carlos Lazo,ESP,"MF,FW",26,1996,0.2,3,4,75.0,49,2,2,3,66.7,1,1,100.0,0,0,,0,0.0,0.0,0.0,0,0,0,0,0
ESP-La Liga,2223,Almería,Kaiky,BRA,DF,18,2004,6.5,182,224,81.3,3877,1389,60,65,92.3,84,97,86.6,34,54,63.0,0,0.0,0.0,0.0,0,12,1,0,11
ESP-La Liga,2223,Almería,Largie Ramazani,BEL,"FW,MF",21,2001,15.6,195,291,67.0,3103,857,107,140,76.4,66,90,73.3,16,29,55.2,1,1.7,1.8,-0.7,13,22,11,1,30
ESP-La Liga,2223,Almería,Lucas Robertone,ARG,MF,25,1997,31.6,1051,1364,77.1,18461,6242,507,573,88.5,369,437,84.4,135,269,50.2,7,6.6,4.5,0.4,53,115,34,13,155
ESP-La Liga,2223,Almería,Luis Javier Suárez,COL,FW,24,1997,16.6,266,386,68.9,3990,687,153,196,78.1,75,110,68.2,24,46,52.2,4,2.1,1.5,1.9,13,21,2,1,26
ESP-La Liga,2223,Almería,Lázaro,BRA,"FW,MF",20,2002,8.0,170,218,78.0,2490,660,103,123,83.7,43,54,79.6,14,20,70.0,0,0.8,0.4,-0.8,12,20,5,1,26
ESP-La Liga,2223,Almería,Léo Baptistão,BRA,"FW,MF",29,1992,19.2,359,540,66.5,5742,1514,179,229,78.2,124,178,69.7,30,66,45.5,1,1.2,0.9,-0.2,18,30,13,3,51
ESP-La Liga,2223,Almería,Marko Milovanović,SRB,FW,18,2003,0.2,4,9,44.4,53,7,1,2,50.0,2,4,50.0,0,0,,0,0.0,0.0,0.0,0,0,0,0,1
ESP-La Liga,2223,Almería,Rodrigo Ely,BRA,DF,28,1993,35.1,1197,1475,81.2,26201,10151,292,339,86.1,705,777,90.7,192,336,57.1,1,0.8,0.6,0.2,6,54,3,0,52
ESP-La Liga,2223,Almería,Samu Costa,POR,MF,21,2000,22.1,864,1097,78.8,15886,5134,383,439,87.2,368,428,86.0,102,169,60.4,2,1.0,1.0,1.0,13,68,11,0,91
ESP-La Liga,2223,Almería,Sergio Akieme,ESP,DF,24,1997,25.5,821,1061,77.4,13314,5012,430,485,88.7,315,386,81.6,52,128,40.6,0,2.0,2.2,-2.0,21,43,22,17,58
ESP-La Liga,2223,Almería,Srđan Babić,SRB,DF,26,1996,33.3,1172,1373,85.4,23290,8365,382,420,91.0,637,700,91.0,142,223,63.7,0,0.3,0.4,-0.3,7,55,3,1,63
ESP-La Liga,2223,Almería,Umar Sadiq,NGA,FW,25,1997,2.7,22,36,61.1,254,34,11,15,73.3,8,11,72.7,0,0,,0,0.2,0.1,-0.2,3,0,1,0,2
ESP-La Liga,2223,Almería,Álex Centelles,ESP,DF,24,1997,12.5,412,577,71.4,7029,2965,190,223,85.2,170,216,78.7,37,97,38.1,2,1.3,1.1,0.7,13,32,9,6,35
ESP-La Liga,2223,Almería,Íñigo Eguaras,ESP,MF,30,1992,10.7,458,543,84.3,7955,2756,223,247,90.3,172,193,89.1,51,73,69.9,1,0.6,1.2,0.4,11,50,9,2,61
ESP-La Liga,2223,Athletic Club,Adu Ares,ESP,"FW,MF",20,2001,0.9,42,51,82.4,744,137,23,27,85.2,10,12,83.3,7,8,87.5,0,0.2,0.2,-0.2,3,4,3,3,4
ESP-La Liga,2223,Athletic Club,Aitor Paredes,ESP,DF,22,2000,9.5,464,521,89.1,9712,3359,133,143,93.0,258,273,94.5,68,93,73.1,0,0.4,0.2,-0.4,3,29,2,0,33
ESP-La Liga,2223,Athletic Club,Ander Capa,ESP,DF,30,1992,1.2,74,91,81.3,1275,441,31,35,88.6,30,37,81.1,8,12,66.7,0,0.0,0.1,0.0,1,5,2,1,12
ESP-La Liga,2223,Athletic Club,Ander Herrera,ESP,MF,32,1989,7.7,376,455,82.6,5618,1359,210,239,87.9,128,153,83.7,22,35,62.9,1,0.9,0.9,0.1,11,32,7,0,40
ESP-La Liga,2223,Athletic Club,Asier Villalibre,ESP,FW,24,1997,1.1,11,18,61.1,163,39,6,9,66.7,5,6,83.3,0,0,,0,0.2,0.0,-0.2,2,1,1,0,2
ESP-La Liga,2223,Athletic Club,Dani García,ESP,MF,32,1990,16.5,571,720,79.3,9716,2877,274,319,85.9,232,275,84.4,54,99,54.5,2,0.7,0.7,1.3,10,71,7,2,73
ESP-La Liga,2223,Athletic Club,Daniel Vivian,ESP,DF,23,1999,26.4,1165,1442,80.8,25085,9283,316,359,88.0,654,734,89.1,191,311,61.4,0,0.7,0.5,-0.7,6,118,3,0,124
ESP-La Liga,2223,Athletic Club,Gorka Guruzeta,ESP,FW,25,1996,15.8,286,394,72.6,4358,762,150,189,79.4,86,113,76.1,25,30,83.3,1,1.0,1.2,0.0,14,23,10,1,37
ESP-La Liga,2223,Athletic Club,Iker Muniain,ESP,"MF,FW",29,1992,18.8,890,1110,80.2,14031,4353,480,541,88.7,304,365,83.3,73,137,53.3,3,3.9,3.9,-0.9,47,89,28,4,154
ESP-La Liga,2223,Athletic Club,Iñaki Williams,GHA,FW,28,1994,31.5,531,827,64.2,7395,1648,315,403,78.2,160,260,61.5,25,57,43.9,3,4.8,4.1,-1.8,38,24,27,9,61
ESP-La Liga,2223,Athletic Club,Iñigo Lekue,ESP,DF,29,1993,14.7,624,807,77.3,10406,3685,306,353,86.7,260,329,79.0,45,85,52.9,1,0.7,0.7,0.3,13,57,9,7,64
ESP-La Liga,2223,Athletic Club,Iñigo Martínez,ESP,DF,31,1991,14.9,627,773,81.1,13236,5012,203,234,86.8,305,344,88.7,109,172,63.4,0,0.3,0.2,-0.3,5,52,2,0,60
ESP-La Liga,2223,Athletic Club,Jon Morcillo,ESP,"FW,MF",23,1998,0.8,32,44,72.7,525,156,18,20,90.0,10,13,76.9,3,7,42.9,1,0.3,0.2,0.7,4,0,3,1,2
ESP-La Liga,2223,Athletic Club,Julen Agirrezabala,ESP,GK,21,2000,7.5,171,241,71.0,4890,3600,29,29,100.0,91,94,96.8,51,118,43.2,0,0.0,0.0,0.0,0,2,0,0,0
ESP-La Liga,2223,Athletic Club,Mikel Balenziaga,ESP,DF,34,1988,1.3,49,69,71.0,819,242,25,29,86.2,19,26,73.1,5,9,55.6,0,0.0,0.1,0.0,0,4,2,1,7
ESP-La Liga,2223,Athletic Club,Mikel Vesga,ESP,MF,29,1993,28.6,1259,1510,83.4,22687,6824,562,655,85.8,513,582,88.1,152,197,77.2,3,1.5,1.8,1.5,20,193,21,4,199
ESP-La Liga,2223,Athletic Club,Nico Williams,ESP,FW,20,2002,29.5,634,951,66.7,9342,2394,381,455,83.7,196,289,67.8,42,101,41.6,4,6.4,4.1,-2.4,46,24,36,12,80
ESP-La Liga,2223,Athletic Club,Oier Zarraga,ESP,MF,23,1999,9.5,294,379,77.6,4675,1201,154,177,87.0,120,153,78.4,16,24,66.7,0,1.1,1.1,-1.1,12,36,9,4,37
ESP-La Liga,2223,Athletic Club,Oihan Sancet,ESP,MF,22,2000,28.1,788,975,80.8,11658,3001,453,516,87.8,271,329,82.4,41,59,69.5,2,4.2,2.4,-2.2,44,88,27,1,159
ESP-La Liga,2223,Athletic Club,Raúl García,ESP,"FW,MF",36,1986,10.7,199,318,62.6,3061,743,118,151,78.1,57,107,53.3,17,33,51.5,3,1.1,0.8,1.9,8,24,7,0,38
ESP-La Liga,2223,Athletic Club,Unai Simón,ESP,GK,25,1997,30.5,690,951,72.6,19697,14574,94,95,98.9,383,393,97.5,212,459,46.2,0,0.0,0.0,0.0,0,18,0,0,2
ESP-La Liga,2223,Athletic Club,Unai Vencedor Paris,ESP,MF,21,2000,2.1,107,124,86.3,2021,592,52,56,92.9,34,40,85.0,19,23,82.6,0,0.1,0.2,-0.1,2,13,2,0,16
ESP-La Liga,2223,Athletic Club,Yeray Álvarez,ESP,DF,27,1995,25.9,1123,1392,80.7,23716,9040,357,404,88.4,596,671,88.8,163,287,56.8,1,1.1,0.8,-0.1,14,137,11,4,152
ESP-La Liga,2223,Athletic Club,Yuri Berchiche,ESP,DF,32,1990,26.7,1304,1580,82.5,22195,8668,640,703,91.0,537,634,84.7,105,153,68.6,1,1.4,1.7,-0.4,21,146,31,14,179
ESP-La Liga,2223,Athletic Club,Álex Berenguer,ESP,FW,27,1995,25.5,630,955,66.0,9379,2766,372,441,84.4,163,266,61.3,62,152,40.8,1,4.6,5.2,-3.6,52,25,41,16,77
ESP-La Liga,2223,Athletic Club,Óscar de Marcos,ESP,DF,33,1989,31.3,1499,1932,77.6,25216,9281,749,849,88.2,608,764,79.6,119,217,54.8,6,3.5,4.5,2.5,37,170,50,23,204
ESP-La Liga,2223,Atlético Madrid,Antoine Griezmann,FRA,"FW,MF",31,1991,31.8,1236,1597,77.4,18976,5448,685,774,88.5,384,487,78.9,104,207,50.2,16,13.8,9.8,2.2,84,117,58,13,171
ESP-La Liga,2223,Atlético Madrid,Antonio Gomis,ESP,GK,19,2003,0.1,0,3,0.0,0,0,0,0,,0,0,,0,3,0.0,0,0.0,0.0,0.0,0,0,0,0,0
ESP-La Liga,2223,Atlético Madrid,Axel Witsel,BEL,"DF,MF",33,1989,25.1,1229,1328,92.5,19963,6886,568,597,95.1,565,595,95.0,59,85,69.4,0,0.6,0.5,-0.6,4,84,1,0,82
ESP-La Liga,2223,Atlético Madrid,Carlos Martín,ESP,"FW,MF",20,2002,0.3,6,11,54.5,57,2,4,5,80.0,1,4,25.0,0,1,0.0,0,0.0,0.0,0.0,0,0,0,0,0
ESP-La Liga,2223,Atlético Madrid,Felipe,BRA,DF,33,1989,2.2,121,132,91.7,2265,847,44,45,97.8,66,72,91.7,10,12,83.3,0,0.0,0.0,0.0,1,15,0,0,20
ESP-La Liga,2223,Atlético Madrid,Geoffrey Kondogbia,CTA,MF,29,1993,11.2,567,634,89.4,8841,2652,313,337,92.9,186,203,91.6,44,59,74.6,2,0.9,0.3,1.1,5,45,3,0,42
ESP-La Liga,2223,Atlético Madrid,Ivo Grbić,CRO,GK,26,1996,10.2,219,330,66.4,6085,4302,57,58,98.3,81,81,100.0,80,189,42.3,0,0.0,0.0,0.0,0,0,0,0,0
ESP-La Liga,2223,Atlético Madrid,Jan Oblak,SVN,GK,29,1993,27.7,538,817,65.9,15674,11619,99,99,100.0,239,243,98.4,197,469,42.0,0,0.0,0.0,0.0,0,5,0,0,0
ESP-La Liga,2223,Atlético Madrid,José María Giménez,URU,DF,27,1995,26.9,1183,1333,88.7,24083,9951,373,405,92.1,624,665,93.8,171,236,72.5,1,0.6,0.2,0.4,7,70,0,0,63
ESP-La Liga,2223,Atlético Madrid,João Félix,POR,"FW,MF",22,1999,7.2,171,228,75.0,2307,680,98,113,86.7,42,60,70.0,11,29,37.9,3,1.4,1.0,1.6,10,14,10,1,27
ESP-La Liga,2223,Atlético Madrid,Koke,ESP,MF,30,1992,28.3,1784,2038,87.5,27145,8772,990,1055,93.8,578,649,89.1,127,187,67.9,3,1.7,1.7,1.3,28,179,19,3,175
ESP-La Liga,2223,Atlético Madrid,Marcos Llorente,ESP,"MF,DF",27,1995,18.9,660,816,80.9,9299,2473,380,415,91.6,202,260,77.7,34,55,61.8,2,3.6,3.1,-1.6,29,30,30,3,88
ESP-La Liga,2223,Atlético Madrid,Mario Hermoso,ESP,DF,27,1995,23.4,1309,1514,86.5,23825,8990,609,655,93.0,523,568,92.1,154,236,65.3,2,1.4,1.4,0.6,14,89,11,2,115
ESP-La Liga,2223,Atlético Madrid,Matheus Cunha,BRA,"FW,MF",23,1999,4.2,64,85,75.3,790,203,48,55,87.3,9,13,69.2,3,4,75.0,2,0.8,0.4,1.2,6,6,2,0,7
ESP-La Liga,2223,Atlético Madrid,Matt Doherty,IRL,DF,30,1992,0.2,6,9,66.7,81,3,4,5,80.0,1,1,100.0,1,3,33.3,0,0.0,0.0,0.0,0,0,0,0,0
ESP-La Liga,2223,Atlético Madrid,Memphis,NED,FW,28,1994,3.0,68,90,75.6,865,221,49,61,80.3,16,20,80.0,2,5,40.0,0,0.5,0.7,-0.5,5,4,3,0,8
ESP-La Liga,2223,Atlético Madrid,Nahuel Molina,ARG,DF,24,1998,31.9,1452,1930,75.2,21725,8461,840,930,90.3,466,653,71.4,94,205,45.9,2,3.9,4.0,-1.9,38,74,49,17,112
ESP-La Liga,2223,Atlético Madrid,Pablo Barrios,ESP,MF,19,2003,8.0,368,450,81.8,5684,1671,198,217,91.2,134,161,83.2,22,38,57.9,1,0.7,0.5,0.3,4,46,3,0,51
ESP-La Liga,2223,Atlético Madrid,Reinildo Mandava,MOZ,DF,28,1994,20.6,918,1067,86.0,13151,5155,546,584,93.5,299,341,87.7,38,84,45.2,0,0.5,0.8,-0.5,9,51,7,3,70
ESP-La Liga,2223,Atlético Madrid,Rodrigo De Paul,ARG,MF,28,1994,21.4,1160,1421,81.6,19936,6409,593,655,90.5,383,455,84.2,144,223,64.6,7,5.5,3.8,1.5,48,145,47,7,182
ESP-La Liga,2223,Atlético Madrid,Saúl Ñíguez,ESP,"MF,DF",27,1994,12.2,408,520,78.5,5583,1326,257,294,87.4,117,152,77.0,18,34,52.9,1,0.7,0.5,0.3,5,19,6,1,34
ESP-La Liga,2223,Atlético Madrid,Sergio Reguilón,ESP,DF,25,1996,3.4,117,147,79.6,1667,507,73,81,90.1,40,52,76.9,2,5,40.0,0,0.4,0.3,-0.4,7,10,3,1,11
ESP-La Liga,2223,Atlético Madrid,Stefan Savić,MNE,DF,31,1991,21.6,1001,1141,87.7,18727,7359,380,404,94.1,498,553,90.1,107,150,71.3,0,0.0,0.2,0.0,1,61,1,0,74
ESP-La Liga,2223,Atlético Madrid,Thomas Lemar,FRA,MF,26,1995,13.9,690,814,84.8,10150,2771,404,435,92.9,202,238,84.9,52,82,63.4,3,1.9,1.6,1.1,26,68,22,6,80
ESP-La Liga,2223,Atlético Madrid,Yannick Carrasco,BEL,"DF,MF",28,1993,25.7,863,1091,79.1,11833,3379,565,612,92.3,210,277,75.8,42,97,43.3,3,4.1,4.1,-1.1,47,35,36,7,84
ESP-La Liga,2223,Atlético Madrid,Álvaro Morata,ESP,FW,29,1992,21.1,270,422,64.0,3678,551,169,231,73.2,69,117,59.0,17,30,56.7,2,2.0,1.2,0.0,17,6,5,1,17
ESP-La Liga,2223,Atlético Madrid,Ángel Correa,ARG,"FW,MF",27,1995,16.2,406,520,78.1,5237,1201,270,310,87.1,93,118,78.8,16,37,43.2,1,3.5,3.6,-2.5,23,27,19,3,58
ESP-La Liga,2223,Barcelona,Aleix Garrido,ESP,FW,18,2004,0.1,2,3,66.7,21,8,2,3,66.7,0,0,,0,0,,0,0.0,0.0,0.0,0,0,0,0,0
ESP-La Liga,2223,Barcelona,Alejandro Balde,ESP,DF,18,2003,27.5,1482,1670,88.7,21525,4340,892,951,93.8,486,536,90.7,71,106,67.0,6,4.9,5.4,1.1,22,74,22,16,79
ESP-La Liga,2223,Barcelona,Andreas Christensen,DEN,DF,26,1996,19.6,1416,1507,94.0,25804,8685,549,580,94.7,740,761,97.2,113,142,79.6,1,0.5,0.9,0.5,6,114,4,0,91
ESP-La Liga,2223,Barcelona,Ansu Fati,ESP,FW,19,2002,15.5,509,609,83.6,6451,1024,359,398,90.2,114,136,83.8,18,23,78.3,3,1.7,2.3,1.3,16,23,19,1,48
ESP-La Liga,2223,Barcelona,Chadi Riad,MAR,MF,19,2003,0.0,1,1,100.0,7,5,1,1,100.0,0,0,,0,0,,0,0.0,0.0,0.0,0,0,0,0,0
ESP-La Liga,2223,Barcelona,Eric García,ESP,"DF,MF",21,2001,15.7,1142,1257,90.9,21550,7275,429,460,93.3,578,612,94.4,122,158,77.2,0,0.2,0.6,-0.2,1,130,2,0,105
ESP-La Liga,2223,Barcelona,Ferrán Torres,ESP,"FW,MF",22,2000,15.5,437,576,75.9,6772,1479,250,285,87.7,144,192,75.0,33,62,53.2,2,4.1,4.2,-2.1,25,13,29,11,44
ESP-La Liga,2223,Barcelona,Franck Kessié,CIV,MF,25,1996,11.0,391,457,85.6,5955,1170,207,231,89.6,152,174,87.4,20,29,69.0,1,0.7,0.9,0.3,8,23,6,1,39
ESP-La Liga,2223,Barcelona,Frenkie de Jong,NED,MF,25,1997,28.2,2089,2320,90.0,33411,10589,1121,1186,94.5,782,849,92.1,144,186,77.4,4,4.3,6.3,-0.3,45,250,59,7,280
ESP-La Liga,2223,Barcelona,Gavi,ESP,"MF,FW",17,2004,28.1,1026,1206,85.1,14584,2930,652,711,91.7,289,340,85.0,55,79,69.6,4,3.7,3.8,0.3,38,98,40,4,134
ESP-La Liga,2223,Barcelona,Gerard Piqué,ESP,DF,35,1987,4.3,353,385,91.7,7375,2268,102,112,91.1,193,199,97.0,56,66,84.8,0,0.0,0.1,0.0,1,47,0,0,35
ESP-La Liga,2223,Barcelona,Héctor Bellerín,ESP,DF,27,1995,1.6,77,96,80.2,1146,419,48,52,92.3,21,25,84.0,5,8,62.5,0,0.1,0.5,-0.1,1,10,4,0,13
ESP-La Liga,2223,Barcelona,Iñaki Peña,ESP,GK,23,1999,0.8,25,27,92.6,585,407,3,3,100.0,18,18,100.0,4,6,66.7,0,0.0,0.0,0.0,0,0,0,0,0
ESP-La Liga,2223,Barcelona,Jordi Alba,ESP,DF,33,1989,15.8,1217,1460,83.4,19141,5490,668,728,91.8,441,521,84.6,78,139,56.1,3,6.2,6.7,-3.2,38,120,43,15,141
ESP-La Liga,2223,Barcelona,Jules Koundé,FRA,DF,23,1998,27.0,1775,2024,87.7,29836,9690,827,895,92.4,792,866,91.5,123,182,67.6,3,2.8,2.3,0.2,16,176,15,6,185
ESP-La Liga,2223,Barcelona,Lamine Yamal,ESP,FW,15,2007,0.1,8,9,88.9,112,47,6,6,100.0,1,1,100.0,1,1,100.0,0,0.0,0.3,0.0,0,0,2,0,2
ESP-La Liga,2223,Barcelona,Marc-André ter Stegen,GER,GK,30,1992,37.2,1193,1412,84.5,30703,21527,228,232,98.3,600,613,97.9,362,564,64.2,0,0.3,0.0,-0.3,3,15,0,0,4
ESP-La Liga,2223,Barcelona,Marcos Alonso,ESP,DF,31,1990,13.0,896,1005,89.2,16393,5539,360,386,93.3,442,475,93.1,81,117,69.2,0,0.3,0.9,-0.3,6,70,9,4,71
ESP-La Liga,2223,Barcelona,Memphis,NED,FW,28,1994,1.3,53,66,80.3,735,209,34,38,89.5,14,16,87.5,3,7,42.9,0,0.1,0.2,-0.1,3,3,2,0,7
ESP-La Liga,2223,Barcelona,Ousmane Dembélé,FRA,FW,25,1997,15.7,642,854,75.2,10068,2037,376,427,88.1,195,256,76.2,54,106,50.9,7,4.9,5.0,2.1,41,21,37,5,74
ESP-La Liga,2223,Barcelona,Pablo Torre,ESP,"FW,MF",19,2003,1.6,77,98,78.6,1026,294,54,62,87.1,16,19,84.2,5,12,41.7,0,0.5,0.4,-0.5,4,9,3,0,11
ESP-La Liga,2223,Barcelona,Pedri,ESP,MF,19,2002,22.0,1251,1449,86.3,22516,4967,574,632,90.8,485,546,88.8,164,198,82.8,1,5.0,5.3,-4.0,42,161,30,2,184
ESP-La Liga,2223,Barcelona,Pierre-Emerick Aubameyang,GAB,FW,33,1989,0.1,3,3,100.0,59,26,0,0,,3,3,100.0,0,0,,0,0.0,0.0,0.0,0,0,0,0,0
ESP-La Liga,2223,Barcelona,Raphinha,BRA,FW,25,1996,23.0,915,1266,72.3,15558,3922,475,556,85.4,304,393,77.4,107,226,47.3,7,9.8,9.3,-2.8,57,48,74,20,104
ESP-La Liga,2223,Barcelona,Robert Lewandowski,POL,FW,33,1988,31.6,602,793,75.9,8306,1669,369,440,83.9,165,214,77.1,30,46,65.2,7,6.3,5.3,0.7,35,49,31,2,100
ESP-La Liga,2223,Barcelona,Ronald Araújo,URU,DF,23,1999,20.0,1139,1287,88.5,21762,7324,406,433,93.8,609,652,93.4,110,174,63.2,2,0.8,0.7,1.2,6,95,3,1,79
ESP-La Liga,2223,Barcelona,Sergi Roberto,ESP,"DF,MF",30,1992,14.5,850,936,90.8,12315,2769,514,535,96.1,270,303,89.1,48,64,75.0,1,0.9,1.3,0.1,10,80,14,6,97
ESP-La Liga,2223,Barcelona,Sergio Busquets,ESP,MF,34,1988,26.0,1722,1949,88.4,30610,9017,756,825,91.6,745,822,90.6,183,222,82.4,4,2.8,3.7,1.2,25,230,33,3,254
ESP-La Liga,2223,Barcelona,Ángel Alarcón,ESP,"FW,MF",18,2004,0.3,5,8,62.5,49,13,5,7,71.4,0,1,0.0,0,0,,0,0.0,0.0,0.0,0,0,1,0,1
ESP-La Liga,2223,Betis,Abner,BRA,DF,22,2000,6.7,252,351,71.8,3886,1578,130,149,87.2,94,134,70.1,16,42,38.1,0,0.1,0.5,-0.1,2,18,3,1,16
ESP-La Liga,2223,Betis,Aitor Ruibal,ESP,"DF,FW",26,1996,16.2,647,841,76.9,10213,3689,356,394,90.4,212,281,75.4,51,100,51.0,0,2.1,1.1,-2.1,15,51,12,5,62
ESP-La Liga,2223,Betis,Andrés Guardado,MEX,MF,35,1986,15.3,739,870,84.9,13792,3995,341,363,93.9,292,333,87.7,95,137,69.3,1,1.1,1.0,-0.1,12,70,5,0,72
ESP-La Liga,2223,Betis,Ayoze Pérez,ESP,"FW,MF",29,1993,15.4,308,391,78.8,3512,1077,221,255,86.7,60,79,75.9,5,6,83.3,1,2.0,2.0,-1.0,13,19,14,0,39
ESP-La Liga,2223,Betis,Borja Iglesias,ESP,FW,29,1993,26.3,397,522,76.1,4818,691,260,320,81.3,73,97,75.3,19,22,86.4,3,2.8,2.2,0.2,22,13,14,0,33
ESP-La Liga,2223,Betis,Claudio Bravo,CHI,GK,39,1983,12.0,232,392,59.2,7419,5674,44,44,100.0,89,91,97.8,96,251,38.2,0,0.0,0.0,0.0,0,5,1,0,1
ESP-La Liga,2223,Betis,Felix Garreta,ESP,DF,18,2004,1.0,34,40,85.0,709,206,11,13,84.6,16,18,88.9,7,8,87.5,0,0.0,0.0,0.0,0,2,0,0,2
ESP-La Liga,2223,Betis,Fran Delgado,ESP,DF,21,2001,0.1,7,8,87.5,110,13,4,4,100.0,3,3,100.0,0,1,0.0,0,0.0,0.0,0.0,0,0,0,0,0
ESP-La Liga,2223,Betis,Germán Pezzella,ARG,DF,31,1991,27.9,1129,1312,86.1,21195,8087,408,432,94.4,608,657,92.5,101,192,52.6,0,0.2,0.4,-0.2,4,45,3,0,54
ESP-La Liga,2223,Betis,Guido Rodríguez,ARG,MF,28,1994,31.9,1464,1688,86.7,23761,7863,729,796,91.6,541,604,89.6,129,189,68.3,0,0.3,0.8,-0.3,11,133,9,1,123
ESP-La Liga,2223,Betis,Joaquín,ESP,"MF,FW",41,1981,5.5,258,324,79.6,3561,928,159,175,90.9,74,91,81.3,12,31,38.7,2,1.8,1.8,0.2,21,15,11,3,26
ESP-La Liga,2223,Betis,Juan Cruz,ESP,FW,22,2000,2.0,25,39,64.1,282,72,17,19,89.5,5,11,45.5,0,4,0.0,0,0.1,0.1,-0.1,2,0,0,0,1
ESP-La Liga,2223,Betis,Juan Miranda,ESP,DF,22,2000,16.4,588,830,70.8,9875,5120,277,325,85.2,210,293,71.7,67,142,47.2,2,2.9,2.4,-0.9,21,55,28,9,73
ESP-La Liga,2223,Betis,Juanmi,ESP,FW,29,1993,10.3,207,245,84.5,2759,466,133,145,91.7,54,62,87.1,7,12,58.3,0,0.9,0.9,-0.9,4,7,3,0,15
ESP-La Liga,2223,Betis,Loren Morón,ESP,FW,28,1993,0.2,3,4,75.0,29,0,3,3,100.0,0,1,0.0,0,0,,0,0.0,0.0,0.0,0,0,0,0,0
ESP-La Liga,2223,Betis,Luiz Felipe,ITA,DF,25,1997,19.6,753,884,85.2,13198,5133,306,336,91.1,356,397,89.7,69,111,62.2,0,0.3,0.3,-0.3,3,33,1,1,42
ESP-La Liga,2223,Betis,Luiz Henrique,BRA,FW,21,2001,20.1,415,561,74.0,5705,1138,265,310,85.5,114,154,74.0,17,32,53.1,3,2.9,2.1,0.1,17,13,14,6,26
ESP-La Liga,2223,Betis,Martín Montoya,ESP,DF,31,1991,5.0,190,244,77.9,2765,1133,107,116,92.2,60,77,77.9,12,31,38.7,0,0.7,0.6,-0.7,4,12,3,2,16
ESP-La Liga,2223,Betis,Nabil Fekir,FRA,MF,29,1993,10.7,378,484,78.1,4746,1367,226,258,87.6,90,107,84.1,18,55,32.7,2,2.7,2.4,-0.7,23,34,14,1,41
ESP-La Liga,2223,Betis,Paul Akouokou,CIV,"MF,DF",24,1997,5.0,160,174,92.0,2670,645,71,73,97.3,66,69,95.7,14,18,77.8,0,0.0,0.1,0.0,0,13,1,0,10
ESP-La Liga,2223,Betis,Roberto González,ESP,"FW,MF",21,2001,0.6,25,29,86.2,374,121,12,14,85.7,8,8,100.0,3,5,60.0,0,0.3,0.2,-0.3,3,2,0,0,2
ESP-La Liga,2223,Betis,Rodri,ESP,"FW,MF",22,2000,17.8,732,858,85.3,10858,2751,396,428,92.5,233,274,85.0,52,75,69.3,3,2.2,2.1,0.8,22,52,34,5,102
ESP-La Liga,2223,Betis,Rui Silva,POR,GK,28,1994,26.0,593,886,66.9,18170,13730,98,99,99.0,248,256,96.9,245,525,46.7,0,0.0,0.2,0.0,0,14,1,0,0
ESP-La Liga,2223,Betis,Sergio Canales,ESP,"FW,MF",31,1991,26.7,1116,1474,75.7,16689,4491,623,697,89.4,319,407,78.4,99,211,46.9,3,5.6,5.1,-2.6,56,94,51,14,143
ESP-La Liga,2223,Betis,Víctor Ruiz,ESP,DF,33,1989,6.2,213,251,84.9,3911,1737,88,98,89.8,104,111,93.7,18,37,48.6,0,0.2,0.2,-0.2,2,11,0,0,10
ESP-La Liga,2223,Betis,William Carvalho,POR,MF,30,1992,27.1,1510,1745,86.5,24743,7482,786,859,91.5,525,599,87.6,148,194,76.3,1,1.6,2.1,-0.6,22,170,23,1,203
ESP-La Liga,2223,Betis,Willian José,BRA,FW,30,1991,8.1,206,266,77.4,2771,446,118,137,86.1,67,84,79.8,8,15,53.3,1,1.3,0.5,-0.3,8,4,3,0,14
ESP-La Liga,2223,Betis,Youssouf Sabaly,SEN,DF,29,1993,18.7,780,949,82.2,10707,4336,468,514,91.1,249,313,79.6,25,55,45.5,1,0.7,0.5,0.3,12,51,9,1,72
ESP-La Liga,2223,Betis,Álex Moreno,ESP,DF,29,1993,15.0,525,695,75.5,7787,3493,298,332,89.8,180,247,72.9,31,69,44.9,3,1.5,1.4,1.5,9,38,13,4,44
ESP-La Liga,2223,Betis,Édgar González,ESP,DF,25,1997,19.7,792,892,88.8,14260,4998,333,362,92.0,384,415,92.5,68,97,70.1,0,0.8,0.7,-0.8,2,14,0,0,30
ESP-La Liga,2223,Celta Vigo,Agustín Marchesín,ARG,GK,34,1988,19.0,449,635,70.7,12898,9202,81,81,100.0,206,212,97.2,161,337,47.8,0,0.0,0.0,0.0,0,6,0,0,1
ESP-La Liga,2223,Celta Vigo,Augusto Solari,ARG,MF,30,1992,2.9,94,125,75.2,1364,362,53,60,88.3,33,40,82.5,5,13,38.5,1,0.2,0.3,0.8,4,9,2,0,12
ESP-La Liga,2223,Celta Vigo,Carles Pérez,ESP,"MF,FW",24,1998,23.8,564,689,81.9,8850,1735,291,330,88.2,218,259,84.2,36,61,59.0,5,2.0,1.7,3.0,23,33,19,3,66
ESP-La Liga,2223,Celta Vigo,Carlos Dominguez,ESP,DF,21,2001,1.2,28,34,82.4,465,222,14,16,87.5,12,12,100.0,2,5,40.0,0,0.0,0.0,0.0,0,1,0,0,2
ESP-La Liga,2223,Celta Vigo,Fernando Medrano,ESP,DF,22,2000,0.1,3,3,100.0,53,39,1,1,100.0,2,2,100.0,0,0,,0,0.0,0.0,0.0,0,0,0,0,0
ESP-La Liga,2223,Celta Vigo,Fran Beltrán,ESP,MF,23,1999,31.7,1604,1816,88.3,28935,6589,658,716,91.9,743,808,92.0,164,221,74.2,2,1.7,2.5,0.3,24,136,12,4,138
ESP-La Liga,2223,Celta Vigo,Franco Cervi,ARG,"MF,DF",28,1994,21.0,620,874,70.9,9395,3007,348,410,84.9,207,272,76.1,44,109,40.4,4,2.7,2.9,1.3,27,49,26,9,69
ESP-La Liga,2223,Celta Vigo,Gabriel Veiga,ESP,MF,20,2002,25.5,552,742,74.4,8847,2937,285,354,80.5,200,261,76.6,47,73,64.4,4,2.6,2.9,1.4,28,79,22,2,109
ESP-La Liga,2223,Celta Vigo,Gonçalo Paciência,POR,"FW,MF",27,1994,7.4,98,168,58.3,1609,391,55,85,64.7,31,48,64.6,10,20,50.0,0,0.6,0.5,-0.6,6,10,5,2,11
ESP-La Liga,2223,Celta Vigo,Haris Seferović,SUI,FW,30,1992,9.9,134,218,61.5,1847,367,74,107,69.2,40,66,60.6,7,19,36.8,1,0.5,0.6,0.5,6,11,4,0,17
ESP-La Liga,2223,Celta Vigo,Hugo Mallo,ESP,DF,31,1991,24.0,1094,1427,76.7,18160,7399,521,578,90.1,467,588,79.4,78,173,45.1,1,2.6,2.6,-1.6,20,89,23,11,93
ESP-La Liga,2223,Celta Vigo,Hugo Sotelo,ESP,MF,18,2003,0.2,20,23,87.0,265,86,11,12,91.7,9,9,100.0,0,1,0.0,0,0.0,0.0,0.0,0,2,0,0,2
ESP-La Liga,2223,Celta Vigo,Iago Aspas,ESP,FW,34,1987,31.9,936,1227,76.3,14650,3382,517,625,82.7,275,353,77.9,91,131,69.5,3,5.6,5.4,-2.6,83,90,47,2,162
ESP-La Liga,2223,Celta Vigo,Iván Villar,ESP,GK,25,1997,19.0,414,599,69.1,11814,8420,65,67,97.0,227,233,97.4,122,292,41.8,0,0.0,0.0,0.0,1,6,0,0,1
ESP-La Liga,2223,Celta Vigo,Javi Galán,ESP,DF,27,1994,35.1,1577,2039,77.3,26915,8515,750,845,88.8,655,791,82.8,143,293,48.8,3,4.1,4.2,-1.1,52,76,56,28,125
ESP-La Liga,2223,Celta Vigo,Joseph Aidoo,GHA,DF,26,1995,34.7,1525,1766,86.4,31337,9650,383,439,87.2,974,1050,92.8,163,244,66.8,0,0.1,0.3,-0.1,2,83,4,0,95
ESP-La Liga,2223,Celta Vigo,Jørgen Strand Larsen,NOR,FW,22,2000,18.9,232,339,68.4,3020,423,139,192,72.4,53,80,66.3,12,19,63.2,4,2.0,1.1,2.0,12,14,3,1,14
ESP-La Liga,2223,Celta Vigo,Kevin Vázquez,ESP,"DF,MF",29,1993,4.9,173,234,73.9,2631,1149,101,115,87.8,57,80,71.3,10,23,43.5,0,0.1,0.2,-0.1,2,16,4,2,13
ESP-La Liga,2223,Celta Vigo,Luca de la Torre,USA,MF,24,1998,16.5,510,613,83.2,7305,1296,304,327,93.0,167,191,87.4,21,39,53.8,2,1.3,1.3,0.7,13,51,7,2,62
ESP-La Liga,2223,Celta Vigo,Miguel Rodríguez,ESP,"MF,FW",19,2003,2.8,60,91,65.9,966,245,32,43,74.4,21,28,75.0,6,14,42.9,1,0.1,0.5,0.9,1,4,5,3,6
ESP-La Liga,2223,Celta Vigo,Pablo Durán,ESP,"MF,DF",21,2001,0.4,14,21,66.7,201,13,10,14,71.4,3,4,75.0,1,3,33.3,0,0.0,0.0,0.0,0,0,0,0,0
ESP-La Liga,2223,Celta Vigo,Renato Tapia,PER,"MF,DF",27,1995,16.1,687,811,84.7,13506,3634,256,283,90.5,321,352,91.2,99,153,64.7,0,1.1,0.8,-1.1,9,63,7,1,68
ESP-La Liga,2223,Celta Vigo,Unai Núñez,ESP,DF,25,1997,35.0,1744,2023,86.2,35775,12950,501,553,90.6,1032,1124,91.8,203,316,64.2,0,0.1,0.4,-0.1,5,131,2,1,146
ESP-La Liga,2223,Celta Vigo,Williot Swedberg,SWE,MF,18,2004,0.6,14,17,82.4,176,50,8,10,80.0,4,5,80.0,0,0,,0,0.0,0.1,0.0,0,1,2,0,4
ESP-La Liga,2223,Celta Vigo,Óscar Mingueza,ESP,DF,23,1999,14.3,721,908,79.4,12216,4925,370,408,90.7,285,338,84.3,58,126,46.0,0,1.4,1.3,-1.4,11,70,13,4,69
ESP-La Liga,2223,Celta Vigo,Óscar Rodríguez Arnaiz,ESP,MF,24,1998,19.7,833,1057,78.8,13804,4087,431,477,90.4,294,363,81.0,82,159,51.6,0,2.2,2.1,-2.2,24,113,11,2,118
ESP-La Liga,2223,Cádiz,Alberto Perea,ESP,MF,31,1990,0.5,10,12,83.3,114,30,6,7,85.7,3,3,100.0,0,1,0.0,0,0.0,0.0,0.0,0,0,0,0,2
ESP-La Liga,2223,Cádiz,Alfonso Espino,URU,DF,30,1992,34.7,989,1542,64.1,17362,8062,467,571,81.8,395,582,67.9,107,294,36.4,4,4.2,3.7,-0.2,35,84,37,21,107
ESP-La Liga,2223,Cádiz,Anthony Lozano,HON,FW,29,1993,16.0,198,293,67.6,2420,589,123,159,77.4,54,80,67.5,4,12,33.3,1,0.8,1.0,0.2,11,19,6,1,28
ESP-La Liga,2223,Cádiz,Antonio Blanco,ESP,MF,22,2000,1.8,57,61,93.4,818,137,31,33,93.9,22,24,91.7,1,1,100.0,0,0.0,0.1,0.0,1,3,1,0,2
ESP-La Liga,2223,Cádiz,Awer Mabil,AUS,"MF,FW",26,1995,1.8,34,54,63.0,422,149,22,28,78.6,6,10,60.0,2,9,22.2,0,0.0,0.0,0.0,1,4,0,0,4
ESP-La Liga,2223,Cádiz,Brian Ocampo,URU,"MF,FW",23,1999,12.4,274,369,74.3,3846,1051,177,207,85.5,61,86,70.9,22,41,53.7,1,1.7,1.7,-0.7,16,13,15,6,22
ESP-La Liga,2223,Cádiz,Cala,ESP,DF,32,1989,1.5,30,38,78.9,792,274,4,5,80.0,14,17,82.4,12,16,75.0,0,0.0,0.0,0.0,0,0,0,0,2
ESP-La Liga,2223,Cádiz,Carlos García,ESP,DF,22,2000,0.3,20,24,83.3,497,122,2,5,40.0,14,15,93.3,4,4,100.0,1,0.1,0.0,0.9,1,0,0,0,2
ESP-La Liga,2223,Cádiz,Chris Ramos,ESP,FW,25,1997,7.9,79,149,53.0,854,206,57,92,62.0,12,28,42.9,2,4,50.0,0,0.2,0.7,-0.2,4,7,1,1,6
ESP-La Liga,2223,Cádiz,David Gil,ESP,GK,28,1994,4.0,66,129,51.2,2769,2382,9,9,100.0,14,15,93.3,43,105,41.0,0,0.0,0.0,0.0,0,9,0,0,0
ESP-La Liga,2223,Cádiz,Fali,ESP,"DF,MF",28,1993,19.0,455,593,76.7,10475,4321,117,133,88.0,239,281,85.1,97,165,58.8,0,0.2,0.2,-0.2,4,49,4,0,56
ESP-La Liga,2223,Cádiz,Fede San Emeterio,ESP,MF,25,1997,20.5,518,657,78.8,8578,2348,274,318,86.2,188,231,81.4,43,72,59.7,1,0.8,0.4,0.2,6,45,5,1,45
ESP-La Liga,2223,Cádiz,Francisco Mwepu,ZAM,FW,22,2000,0.2,4,4,100.0,60,6,3,3,100.0,1,1,100.0,0,0,,0,0.0,0.0,0.0,0,0,0,0,1
ESP-La Liga,2223,Cádiz,Gonzalo Escalante,ARG,MF,29,1993,12.5,325,433,75.1,5212,1513,178,208,85.6,120,152,78.9,23,52,44.2,1,1.5,1.0,-0.5,10,41,5,2,50
ESP-La Liga,2223,Cádiz,Isaac Carcelen,ESP,DF,29,1993,24.4,747,961,77.7,12672,4769,358,396,90.4,308,394,78.2,64,124,51.6,1,1.3,1.8,-0.3,16,65,17,12,85
ESP-La Liga,2223,Cádiz,Iván Alejo,ESP,"MF,FW",27,1995,14.6,219,392,55.9,3409,1108,128,173,74.0,55,111,49.5,24,61,39.3,1,2.4,1.6,-1.4,21,10,24,20,16
ESP-La Liga,2223,Cádiz,Jeremías Ledesma,ARG,GK,29,1993,34.0,585,1114,52.5,22172,18695,58,60,96.7,223,230,97.0,303,818,37.0,0,0.0,0.1,0.0,1,42,1,0,0
ESP-La Liga,2223,Cádiz,Jorge Meré,ESP,DF,25,1997,6.7,179,215,83.3,3641,1350,55,64,85.9,100,112,89.3,23,36,63.9,0,0.0,0.0,0.0,0,8,0,0,14
ESP-La Liga,2223,Cádiz,Joseba Zaldúa,ESP,DF,30,1992,7.1,190,277,68.6,3001,1133,104,119,87.4,68,100,68.0,15,42,35.7,1,0.0,0.2,1.0,2,11,2,2,13
ESP-La Liga,2223,Cádiz,José Antonio,ESP,"MF,DF",18,2004,0.5,8,10,80.0,98,50,6,6,100.0,2,2,100.0,0,1,0.0,1,0.0,0.0,1.0,1,2,1,0,3
ESP-La Liga,2223,Cádiz,José Mari,ESP,MF,34,1987,4.4,168,203,82.8,3584,1144,55,68,80.9,71,76,93.4,37,49,75.5,0,0.3,0.1,-0.3,5,32,1,0,21
ESP-La Liga,2223,Cádiz,Lucas Pérez,ESP,FW,33,1988,7.0,169,236,71.6,2634,646,96,106,90.6,48,63,76.2,17,48,35.4,0,0.6,1.0,-0.6,4,13,7,3,14
ESP-La Liga,2223,Cádiz,Luis Hernández,ESP,DF,33,1989,35.0,1078,1488,72.4,23046,9678,323,361,89.5,558,670,83.3,186,415,44.8,0,0.9,1.0,-0.9,12,81,7,4,95
ESP-La Liga,2223,Cádiz,Mamadou Mbaye,SEN,DF,24,1998,8.4,219,294,74.5,4345,1613,79,96,82.3,113,136,83.1,24,47,51.1,0,0.2,0.1,-0.2,2,12,2,0,13
ESP-La Liga,2223,Cádiz,Mamady Diarra,MLI,"MF,DF",22,2000,0.7,8,9,88.9,103,26,4,5,80.0,3,3,100.0,0,0,,0,0.0,0.0,0.0,0,0,0,0,0
ESP-La Liga,2223,Cádiz,Raúl Parra,ESP,DF,22,1999,3.4,74,114,64.9,1530,614,24,28,85.7,34,49,69.4,15,28,53.6,0,0.0,0.1,0.0,1,7,1,1,7
ESP-La Liga,2223,Cádiz,Roger Martí,ESP,FW,31,1991,7.1,92,129,71.3,1031,125,66,84,78.6,18,25,72.0,1,2,50.0,0,0.5,0.2,-0.5,4,3,1,0,5
ESP-La Liga,2223,Cádiz,Rubén Alcaraz,ESP,MF,31,1991,22.7,827,1046,79.1,16517,4831,331,386,85.8,340,388,87.6,138,219,63.0,0,1.3,1.2,-1.3,20,93,16,8,105
ESP-La Liga,2223,Cádiz,Rubén Sobrino,ESP,"MF,FW",30,1992,27.4,444,618,71.8,5754,1679,269,344,78.2,132,164,80.5,13,33,39.4,2,2.3,1.8,-0.3,24,28,8,3,46
ESP-La Liga,2223,Cádiz,Santiago Arzamendia,PAR,"DF,MF",24,1998,5.4,150,226,66.4,2442,1025,80,94,85.1,54,73,74.0,11,36,30.6,0,0.5,0.2,-0.5,6,14,3,0,17
ESP-La Liga,2223,Cádiz,Sergi Guardiola,ESP,FW,31,1991,12.9,203,294,69.0,2803,548,121,152,79.6,60,88,68.2,10,15,66.7,0,0.5,0.3,-0.5,9,11,3,1,28
ESP-La Liga,2223,Cádiz,Theo Bongonda,COD,"MF,FW",26,1995,21.5,329,489,67.3,4564,1295,207,254,81.5,87,123,70.7,20,70,28.6,3,3.0,2.4,0.0,20,20,11,4,39
ESP-La Liga,2223,Cádiz,Tomás Alarcón,CHI,MF,23,1999,2.5,78,95,82.1,1688,582,28,32,87.5,27,34,79.4,20,25,80.0,0,0.1,0.1,-0.1,2,11,1,0,9
ESP-La Liga,2223,Cádiz,Víctor Chust,ESP,DF,22,2000,10.7,364,440,82.7,8016,2967,105,118,89.0,172,192,89.6,78,113,69.0,0,0.0,0.1,0.0,1,22,1,0,22
ESP-La Liga,2223,Cádiz,Youba Diarra,MLI,MF,24,1998,1.1,40,49,81.6,782,184,15,16,93.8,18,20,90.0,7,11,63.6,0,0.5,0.2,-0.5,2,3,1,0,3
ESP-La Liga,2223,Cádiz,Álex Fernández,ESP,"MF,FW",29,1992,17.5,602,720,83.6,10263,3036,305,329,92.7,207,237,87.3,74,120,61.7,0,1.6,1.9,-1.6,17,57,6,2,69
ESP-La Liga,2223,Cádiz,Álvaro Giménez,ESP,FW,31,1991,0.2,2,2,100.0,21,6,1,1,100.0,1,1,100.0,0,0,,0,0.0,0.0,0.0,0,0,0,0,1
ESP-La Liga,2223,Cádiz,Álvaro Negredo,ESP,FW,36,1985,8.4,106,173,61.3,1766,383,53,77,68.8,32,48,66.7,12,28,42.9,2,2.4,1.6,-0.4,10,11,4,1,17
ESP-La Liga,2223,Elche,Alejandro Alfaro,ESP,MF,20,2002,0.2,1,1,100.0,3,0,0,0,,0,0,,0,0,,0,0.0,0.0,0.0,0,0,0,0,0
ESP-La Liga,2223,Elche,Axel Werner,ARG,GK,26,1996,2.0,52,70,74.3,1421,813,4,4,100.0,34,35,97.1,14,30,46.7,0,0.0,0.0,0.0,0,1,0,0,0
ESP-La Liga,2223,Elche,Carlos Clerc,ESP,"DF,MF",30,1992,29.3,1040,1397,74.4,16100,6659,563,638,88.2,392,495,79.2,63,179,35.2,1,2.1,2.0,-1.1,16,78,18,9,107
ESP-La Liga,2223,Elche,Carmona,ESP,"MF,DF",20,2002,6.5,129,186,69.4,1917,729,81,100,81.0,37,54,68.5,8,16,50.0,0,0.1,0.2,-0.1,4,6,2,0,10
ESP-La Liga,2223,Elche,Diego González,ESP,DF,27,1995,10.6,299,382,78.3,6351,2599,80,92,87.0,164,183,89.6,47,90,52.2,0,0.0,0.0,0.0,0,16,1,0,13
ESP-La Liga,2223,Elche,Domingos Quina,POR,MF,22,1999,3.1,122,147,83.0,2173,674,54,60,90.0,56,62,90.3,10,15,66.7,0,0.4,0.5,-0.4,3,16,4,1,17
ESP-La Liga,2223,Elche,Enzo Roco,CHI,DF,29,1992,18.4,587,719,81.6,11519,4677,189,222,85.1,311,346,89.9,75,119,63.0,0,0.0,0.3,0.0,1,43,4,0,42
ESP-La Liga,2223,Elche,Ezequiel Ponce,ARG,"FW,MF",25,1997,12.5,218,292,74.7,2610,432,148,179,82.7,34,50,68.0,12,18,66.7,0,0.7,0.3,-0.7,11,21,4,0,19
ESP-La Liga,2223,Elche,Federico Fernández,ARG,DF,33,1989,1.0,8,14,57.1,204,130,1,2,50.0,5,8,62.5,2,4,50.0,0,0.0,0.0,0.0,0,0,0,0,0
ESP-La Liga,2223,Elche,Fidel,ESP,"MF,FW",32,1989,19.0,631,897,70.3,10113,3511,364,429,84.8,173,238,72.7,64,132,48.5,2,2.3,2.5,-0.3,28,89,15,1,139
ESP-La Liga,2223,Elche,Gerard Gumbau,ESP,MF,27,1994,30.4,1112,1446,76.9,22189,7192,458,523,87.6,414,484,85.5,204,337,60.5,6,6.2,6.1,-0.2,73,124,24,12,145
ESP-La Liga,2223,Elche,Gonzalo Verdú,ESP,DF,33,1988,7.8,269,338,79.6,5668,1965,65,75,86.7,172,186,92.5,31,70,44.3,0,0.0,0.1,0.0,0,8,0,0,13
ESP-La Liga,2223,Elche,Helibelton Palacios,COL,DF,29,1993,21.3,623,835,74.6,10355,5114,309,344,89.8,245,320,76.6,54,126,42.9,0,0.7,0.9,-0.7,7,49,7,4,51
ESP-La Liga,2223,Elche,Javier Pastore,ARG,MF,33,1989,0.1,6,8,75.0,81,49,3,3,100.0,0,1,0.0,1,1,100.0,0,0.0,0.0,0.0,0,1,0,0,1
ESP-La Liga,2223,Elche,Johan Mojica,COL,"DF,MF",29,1992,3.0,127,178,71.3,1917,658,64,73,87.7,54,69,78.3,5,21,23.8,0,0.3,0.2,-0.3,3,5,4,1,9
ESP-La Liga,2223,Elche,John Donald,ESP,"MF,DF",21,2000,12.1,356,427,83.4,5839,1808,168,192,87.5,155,179,86.6,22,30,73.3,0,0.1,0.1,-0.1,2,23,0,0,23
ESP-La Liga,2223,Elche,Josan,ESP,"DF,MF",32,1989,12.0,424,539,78.7,7003,2471,226,252,89.7,147,183,80.3,38,73,52.1,3,1.6,0.6,1.4,15,29,13,8,39
ESP-La Liga,2223,Elche,Lautaro Blanco,ARG,"DF,MF",23,1999,9.7,235,416,56.5,4363,2284,117,141,83.0,85,139,61.2,32,107,29.9,2,1.5,1.3,0.5,12,19,17,10,28
ESP-La Liga,2223,Elche,Lisandro Magallán,ARG,DF,28,1993,10.0,325,391,83.1,6440,2695,110,121,90.9,168,191,88.0,42,67,62.7,0,0.1,0.2,-0.1,2,16,1,1,16
ESP-La Liga,2223,Elche,Lucas Boyé,ARG,FW,26,1996,27.4,510,650,78.5,7080,1364,292,338,86.4,140,169,82.8,32,39,82.1,2,2.9,1.6,-0.9,29,35,22,5,63
ESP-La Liga,2223,Elche,Nicolás Ezequiel Fernández,ARG,"MF,DF",22,2000,5.7,178,240,74.2,2850,1150,101,110,91.8,47,61,77.0,21,43,48.8,1,0.8,1.1,0.2,13,14,16,10,29
ESP-La Liga,2223,Elche,Omar Mascarell,EQG,"MF,DF",29,1993,27.2,1091,1270,85.9,20666,6208,429,469,91.5,513,560,91.6,132,201,65.7,1,1.1,1.2,-0.1,20,101,4,1,116
ESP-La Liga,2223,Elche,Pape Cheikh Diop,SEN,MF,24,1997,0.4,14,19,73.7,222,71,8,9,88.9,6,8,75.0,0,2,0.0,0,0.0,0.0,0.0,0,1,0,0,1
ESP-La Liga,2223,Elche,Pedro Bigas,ESP,DF,31,1990,22.4,843,1053,80.1,16786,7505,284,314,90.4,449,500,89.8,100,200,50.0,0,0.0,0.3,0.0,0,63,1,1,83
ESP-La Liga,2223,Elche,Pere Milla,ESP,"FW,MF",29,1992,20.5,410,585,70.1,6190,1742,224,283,79.2,127,169,75.1,34,63,54.0,1,1.2,1.5,-0.2,14,53,10,2,65
ESP-La Liga,2223,Elche,Pol Lirola,ESP,DF,24,1997,7.0,240,325,73.8,3762,1309,135,154,87.7,79,107,73.8,16,38,42.1,0,0.7,0.6,-0.7,6,10,3,2,19
ESP-La Liga,2223,Elche,Randy Nteka,ANG,"FW,MF",24,1997,8.1,118,171,69.0,1458,339,76,101,75.2,22,32,68.8,7,14,50.0,0,0.9,0.7,-0.9,6,8,3,0,13
ESP-La Liga,2223,Elche,Raúl Guti,ESP,MF,25,1996,12.4,327,409,80.0,4925,1368,194,217,89.4,87,103,84.5,30,52,57.7,0,0.1,0.3,-0.1,2,26,6,1,32
ESP-La Liga,2223,Elche,Roger Martí,ESP,FW,31,1991,7.3,118,160,73.8,1447,357,72,82,87.8,22,32,68.8,7,13,53.8,1,0.7,0.4,0.3,10,7,3,2,7
ESP-La Liga,2223,Elche,Tete Morente,ESP,"MF,DF",25,1996,23.0,571,785,72.7,8632,2680,342,395,86.6,166,228,72.8,44,87,50.6,0,1.1,1.6,-1.1,16,44,19,9,63
ESP-La Liga,2223,Elche,Álex Collado,ESP,MF,23,1999,8.0,276,336,82.1,4177,909,164,177,92.7,77,92,83.7,24,36,66.7,1,1.6,1.6,-0.6,20,25,10,2,34
ESP-La Liga,2223,Elche,Édgar Badía,ESP,GK,30,1992,36.0,791,1072,73.8,24081,17998,102,103,99.0,381,393,96.9,306,570,53.7,0,0.0,0.0,0.0,0,10,0,0,0
ESP-La Liga,2223,Espanyol,Adri Embarba,ESP,FW,30,1992,0.4,4,6,66.7,80,37,2,3,66.7,1,2,50.0,1,1,100.0,0,0.0,0.1,0.0,0,0,0,0,0
ESP-La Liga,2223,Espanyol,Adrià Pedrosa,ESP,"DF,MF",24,1998,2.5,61,76,80.3,881,239,37,40,92.5,20,27,74.1,2,4,50.0,0,0.7,1.0,-0.7,5,2,4,2,4
ESP-La Liga,2223,Espanyol,Aleix Vidal,ESP,"MF,FW",32,1989,11.4,279,384,72.7,4979,1379,147,176,83.5,90,127,70.9,37,53,69.8,3,2.2,1.3,0.8,15,19,10,4,23
ESP-La Liga,2223,Espanyol,Benjamin Lecomte,FRA,GK,31,1991,10.0,179,275,65.1,6302,5234,21,21,100.0,66,67,98.5,92,184,50.0,0,0.1,0.0,-0.1,1,5,0,0,0
ESP-La Liga,2223,Espanyol,Brian Oliván,ESP,DF,28,1994,26.7,688,1106,62.2,12987,6417,305,370,82.4,260,410,63.4,105,261,40.2,7,4.3,3.9,2.7,34,69,31,24,80
ESP-La Liga,2223,Espanyol,César Montes,MEX,DF,25,1997,17.7,624,799,78.1,12344,4658,223,251,88.8,312,367,85.0,81,158,51.3,0,0.0,0.7,0.0,0,46,1,1,41
ESP-La Liga,2223,Espanyol,Dani Gómez,ESP,"MF,FW",24,1998,1.0,13,17,76.5,196,28,9,9,100.0,4,6,66.7,0,0,,0,0.0,0.0,0.0,1,1,1,0,4
ESP-La Liga,2223,Espanyol,Denis Suárez,ESP,"MF,FW",28,1994,10.5,331,452,73.2,5200,1637,183,228,80.3,109,133,82.0,28,66,42.4,0,1.1,1.5,-1.1,16,36,14,4,43
ESP-La Liga,2223,Espanyol,Edu Expósito,ESP,MF,25,1996,12.9,389,530,73.4,6692,2025,166,198,83.8,168,206,81.6,36,86,41.9,2,2.4,2.2,-0.4,22,45,20,4,72
ESP-La Liga,2223,Espanyol,Fernando Calero,ESP,"DF,MF",26,1995,17.9,617,765,80.7,11710,4547,245,275,89.1,289,335,86.3,78,139,56.1,1,0.6,0.4,0.4,4,58,3,0,64
ESP-La Liga,2223,Espanyol,Fernando Pacheco,ESP,GK,30,1992,16.0,399,557,71.6,12946,10565,54,55,98.2,174,176,98.9,171,323,52.9,0,0.2,0.1,-0.2,3,22,1,0,2
ESP-La Liga,2223,Espanyol,Javi Puado,ESP,"FW,MF",24,1998,26.0,450,590,76.3,6618,1312,250,295,84.7,146,192,76.0,26,44,59.1,2,2.6,2.0,-0.6,25,15,21,3,58
ESP-La Liga,2223,Espanyol,Joan García,ESP,GK,21,2001,1.0,26,30,86.7,521,425,9,9,100.0,12,12,100.0,5,9,55.6,0,0.0,0.0,0.0,0,0,0,0,0
ESP-La Liga,2223,Espanyol,Joselu,ESP,FW,32,1990,33.2,458,759,60.3,6536,1417,277,406,68.2,126,221,57.0,27,53,50.9,2,2.4,2.0,-0.4,22,41,12,1,66
ESP-La Liga,2223,Espanyol,José Carlos Lazo,ESP,"MF,FW",26,1996,1.8,25,35,71.4,335,55,11,14,78.6,10,11,90.9,2,5,40.0,1,0.2,0.1,0.8,2,0,3,1,4
ESP-La Liga,2223,Espanyol,José Gragera,ESP,"MF,DF",21,2000,5.1,178,208,85.6,3239,1070,66,81,81.5,89,99,89.9,18,22,81.8,0,0.0,0.1,0.0,0,11,0,0,11
ESP-La Liga,2223,Espanyol,Keidi Bare,ALB,MF,24,1997,5.6,221,267,82.8,3777,1040,106,122,86.9,93,104,89.4,20,31,64.5,1,0.2,0.2,0.8,3,25,1,0,28
ESP-La Liga,2223,Espanyol,Leandro Cabrera,URU,DF,31,1991,29.7,959,1343,71.4,19673,9222,307,368,83.4,502,614,81.8,137,314,43.6,1,1.5,1.3,-0.5,14,87,12,4,95
ESP-La Liga,2223,Espanyol,Luca Koleosho,ITA,"FW,DF",17,2004,0.7,18,28,64.3,231,34,10,11,90.9,7,12,58.3,0,1,0.0,0,0.0,0.2,0.0,0,1,0,0,1
ESP-La Liga,2223,Espanyol,Martin Braithwaite,DEN,"FW,MF",31,1991,27.3,294,446,65.9,4173,986,183,242,75.6,74,112,66.1,19,30,63.3,2,1.4,1.1,0.6,12,26,13,2,54
ESP-La Liga,2223,Espanyol,Nabil Touaizi,MAR,MF,21,2001,0.0,1,1,100.0,17,0,0,0,,1,1,100.0,0,0,,0,0.0,0.0,0.0,0,0,0,0,1
ESP-La Liga,2223,Espanyol,Nico Ribaudo,ESP,"MF,FW",21,2001,13.9,352,454,77.5,5496,1476,188,214,87.9,130,150,86.7,23,60,38.3,2,2.3,1.2,-0.3,25,44,10,5,57
ESP-La Liga,2223,Espanyol,Omar El Hilali,MAR,"DF,MF",18,2003,1.0,21,35,60.0,356,128,8,12,66.7,13,17,76.5,0,5,0.0,0,0.0,0.0,0.0,1,0,0,0,0
ESP-La Liga,2223,Espanyol,Pol Lozano,ESP,MF,22,1999,0.2,5,8,62.5,91,46,2,3,66.7,2,3,66.7,1,2,50.0,0,0.0,0.0,0.0,0,0,0,0,0
ESP-La Liga,2223,Espanyol,Roger Martínez,ESP,DF,18,2004,0.1,5,5,100.0,104,26,2,2,100.0,2,2,100.0,1,1,100.0,0,0.0,0.0,0.0,0,1,0,0,1
ESP-La Liga,2223,Espanyol,Ronaël Pierre-Gabriel,FRA,DF,24,1998,2.6,77,104,74.0,1187,440,37,41,90.2,34,42,81.0,3,8,37.5,0,0.3,0.5,-0.3,2,3,1,1,7
ESP-La Liga,2223,Espanyol,Rubén,ESP,"DF,MF",21,2001,9.9,232,339,68.4,3895,1166,119,138,86.2,81,117,69.2,25,61,41.0,2,1.5,0.9,0.5,7,12,7,3,14
ESP-La Liga,2223,Espanyol,Sergi Darder,ESP,MF,28,1993,36.9,1181,1628,72.5,22446,8537,488,563,86.7,509,619,82.2,163,362,45.0,3,7.5,6.3,-4.5,73,158,52,16,233
ESP-La Liga,2223,Espanyol,Sergi Gómez,ESP,DF,30,1992,26.0,968,1132,85.5,20365,7288,277,302,91.7,561,600,93.5,127,214,59.3,0,0.4,0.7,-0.4,5,38,1,0,43
ESP-La Liga,2223,Espanyol,Simo,ESP,DF,17,2005,1.6,58,61,95.1,998,384,31,32,96.9,21,21,100.0,6,7,85.7,0,0.0,0.0,0.0,0,11,0,0,11
ESP-La Liga,2223,Espanyol,Vinicius Souza,BRA,MF,23,1999,27.0,726,909,79.9,12361,3394,343,396,86.6,295,353,83.6,66,106,62.3,1,0.6,0.7,0.4,11,85,4,1,82
ESP-La Liga,2223,Espanyol,Álvaro Fernández,ESP,GK,24,1998,11.0,231,358,64.5,8998,7511,19,19,100.0,83,85,97.6,129,252,51.2,0,0.2,0.1,-0.2,1,16,0,0,0
ESP-La Liga,2223,Espanyol,Óscar Gil,ESP,DF,25,1997,28.4,757,991,76.4,12559,3678,358,416,86.1,323,397,81.4,54,109,49.5,1,2.9,1.9,-1.9,15,29,11,7,47
ESP-La Liga,2223,Getafe,Alejandro Revuelta Montero,ESP,DF,22,2000,0.0,0,0,,0,0,0,0,,0,0,,0,0,,0,0.0,0.0,0.0,0,0,0,0,0
ESP-La Liga,2223,Getafe,Borja Mayoral,ESP,FW,25,1997,30.7,582,775,75.1,8629,1623,332,397,83.6,161,211,76.3,51,71,71.8,2,2.7,3.4,-0.7,22,35,21,4,64
ESP-La Liga,2223,Getafe,Carles Aleñá,ESP,"MF,FW",24,1998,23.5,607,809,75.0,10256,2596,291,346,84.1,211,270,78.1,69,120,57.5,2,1.6,1.8,0.4,15,71,20,6,87
ESP-La Liga,2223,Getafe,Damián Suárez,URU,"DF,MF",34,1988,21.6,649,962,67.5,11863,5603,300,367,81.7,252,343,73.5,82,194,42.3,1,1.8,1.7,-0.8,26,61,23,14,80
ESP-La Liga,2223,Getafe,David Soria,ESP,GK,29,1993,38.0,610,1136,53.7,28998,25913,28,30,93.3,119,126,94.4,463,972,47.6,0,0.2,0.2,-0.2,4,57,3,0,1
ESP-La Liga,2223,Getafe,Djené,TOG,DF,30,1991,31.6,884,1154,76.6,16135,6389,361,404,89.4,411,484,84.9,96,206,46.6,1,0.7,1.4,0.3,7,72,13,10,77
ESP-La Liga,2223,Getafe,Domingos Duarte,POR,DF,27,1995,29.5,742,963,77.1,15659,6506,238,281,84.7,369,442,83.5,130,225,57.8,2,0.8,0.1,1.2,4,52,1,0,63
ESP-La Liga,2223,Getafe,Enes Ünal,TUR,FW,25,1997,33.0,446,750,59.5,5529,1253,281,404,69.6,110,203,54.2,14,31,45.2,3,3.5,1.9,-0.5,27,40,16,3,55
ESP-La Liga,2223,Getafe,Fabrizio Angileri,ARG,DF,28,1994,6.5,153,260,58.8,2800,936,67,87,77.0,65,109,59.6,17,42,40.5,0,0.0,0.1,0.0,0,13,1,0,16
ESP-La Liga,2223,Getafe,Gastón Álvarez,URU,DF,22,2000,16.7,350,579,60.4,5840,3078,176,209,84.2,136,228,59.6,30,103,29.1,0,0.2,0.4,-0.2,4,27,4,3,38
ESP-La Liga,2223,Getafe,Gonzalo Villar,ESP,MF,24,1998,5.1,205,258,79.5,3259,927,97,111,87.4,84,109,77.1,15,21,71.4,0,0.3,0.4,-0.3,3,26,5,1,27
ESP-La Liga,2223,Getafe,Iglesias,ESP,"DF,MF",24,1998,23.8,557,951,58.6,10128,4524,248,310,80.0,227,356,63.8,70,225,31.1,0,1.0,1.4,-1.0,13,41,24,15,50
ESP-La Liga,2223,Getafe,Jaime Mata,ESP,"FW,MF",33,1988,4.9,68,122,55.7,1040,301,36,55,65.5,23,38,60.5,5,11,45.5,1,1.3,0.7,-0.3,6,6,6,3,10
ESP-La Liga,2223,Getafe,Jaime Seoane,ESP,"MF,FW",25,1997,3.6,87,112,77.7,1488,456,40,50,80.0,28,34,82.4,11,17,64.7,0,0.3,0.3,-0.3,6,7,1,0,7
ESP-La Liga,2223,Getafe,Jordan Amavi,FRA,DF,28,1994,2.2,51,96,53.1,779,372,28,39,71.8,18,36,50.0,3,11,27.3,0,0.0,0.0,0.0,0,2,0,0,5
ESP-La Liga,2223,Getafe,Juanmi Latasa,ESP,FW,21,2001,5.0,80,164,48.8,1141,351,41,77,53.2,29,54,53.7,3,4,75.0,0,0.6,0.6,-0.6,6,7,6,0,19
ESP-La Liga,2223,Getafe,Luis Milla,ESP,MF,27,1994,20.6,756,974,77.6,13767,4551,351,400,87.8,278,333,83.5,101,183,55.2,3,1.3,1.6,1.7,29,99,6,3,104
ESP-La Liga,2223,Getafe,Mauro Arambarri,URU,MF,26,1995,11.0,326,421,77.4,6549,2050,112,128,87.5,150,177,84.7,58,99,58.6,1,1.5,1.6,-0.5,15,32,4,2,33
ESP-La Liga,2223,Getafe,Moises Parra Gutierrez,ESP,FW,20,2002,0.1,3,3,100.0,29,17,3,3,100.0,0,0,,0,0,,0,0.0,0.0,0.0,0,0,0,0,0
ESP-La Liga,2223,Getafe,Munir El Haddadi,MAR,"MF,FW",26,1995,12.8,270,433,62.4,4236,1343,142,185,76.8,85,131,64.9,26,60,43.3,1,1.2,1.7,-0.2,14,20,11,8,30
ESP-La Liga,2223,Getafe,Nemanja Maksimović,SRB,MF,27,1995,22.8,439,563,78.0,6546,1380,226,277,81.6,169,204,82.8,20,42,47.6,0,0.6,0.8,-0.6,10,28,7,3,42
ESP-La Liga,2223,Getafe,Omar Alderete,PAR,DF,25,1996,22.7,509,877,58.0,11252,5744,153,218,70.2,260,351,74.1,94,268,35.1,1,0.8,1.0,0.2,5,69,12,0,96
ESP-La Liga,2223,Getafe,Portu,ESP,"MF,DF",30,1992,19.7,493,731,67.4,7469,2863,268,329,81.5,174,240,72.5,29,77,37.7,3,1.9,2.6,1.1,27,30,26,15,40
ESP-La Liga,2223,Getafe,Stefan Mitrović,SRB,DF,32,1990,18.7,403,512,78.7,8685,3574,106,126,84.1,228,260,87.7,63,111,56.8,0,0.0,0.1,0.0,0,14,0,0,17
ESP-La Liga,2223,Getafe,Ángel Algobia,ESP,MF,23,1999,12.6,420,521,80.6,7479,1575,179,211,84.8,173,197,87.8,52,82,63.4,0,0.6,0.3,-0.6,5,35,4,4,42
ESP-La Liga,2223,Girona,Aleix García,ESP,MF,25,1997,26.0,1370,1657,82.7,24515,7738,661,710,93.1,471,536,87.9,182,303,60.1,5,6.2,6.0,-1.2,64,154,23,10,156
ESP-La Liga,2223,Girona,Alexander Callens,PER,DF,30,1992,1.3,78,93,83.9,1206,505,35,40,87.5,38,47,80.9,1,2,50.0,0,0.0,0.0,0.0,0,5,1,0,6
ESP-La Liga,2223,Girona,Arnau Martinez,ESP,DF,19,2003,30.4,1303,1599,81.5,19900,7034,745,818,91.1,448,533,84.1,82,161,50.9,4,4.3,3.2,-0.3,40,80,28,18,113
ESP-La Liga,2223,Girona,Bernardo Espinosa,COL,DF,33,1989,13.6,812,913,88.9,15137,5671,274,299,91.6,482,512,94.1,52,92,56.5,1,0.0,0.2,1.0,1,30,0,0,36
ESP-La Liga,2223,Girona,Borja García,ESP,"MF,FW",31,1990,7.5,217,281,77.2,3113,857,126,140,90.0,72,91,79.1,10,28,35.7,0,0.6,0.3,-0.6,5,25,7,0,39
ESP-La Liga,2223,Girona,Cristhian Stuani,URU,FW,35,1986,12.1,122,168,72.6,1464,132,79,95,83.2,25,44,56.8,5,7,71.4,0,1.3,1.2,-1.3,7,6,3,0,10
ESP-La Liga,2223,Girona,David López,ESP,DF,32,1989,18.4,1082,1203,89.9,20522,7606,373,400,93.3,607,637,95.3,93,146,63.7,1,0.6,0.5,0.4,8,57,1,0,54
ESP-La Liga,2223,Girona,Iván Martín,ESP,MF,23,1999,17.6,565,672,84.1,8006,1764,331,366,90.4,180,212,84.9,29,40,72.5,3,2.2,2.1,0.8,17,38,17,6,56
ESP-La Liga,2223,Girona,Javi Hernández,ESP,DF,24,1998,12.4,613,748,82.0,9758,3979,330,378,87.3,227,259,87.6,38,60,63.3,2,0.9,0.6,1.1,8,56,9,4,78
ESP-La Liga,2223,Girona,Joel Roca,ESP,"MF,FW",17,2005,0.9,30,39,76.9,407,58,23,30,76.7,5,6,83.3,2,3,66.7,0,0.0,0.0,0.0,1,0,0,0,0
ESP-La Liga,2223,Girona,Juan Carlos,ESP,GK,34,1988,10.0,288,340,84.7,7160,4635,52,53,98.1,170,176,96.6,66,111,59.5,0,0.0,0.0,0.0,0,1,0,0,0
ESP-La Liga,2223,Girona,Juanpe,ESP,DF,31,1991,15.8,753,881,85.5,14726,5562,234,250,93.6,428,466,91.8,85,139,61.2,0,0.3,0.4,-0.3,3,32,1,0,38
ESP-La Liga,2223,Girona,Manu Vallejo,ESP,"FW,MF",25,1997,2.3,68,89,76.4,1029,232,41,50,82.0,22,29,75.9,4,5,80.0,1,0.3,0.3,0.7,3,8,3,1,10
ESP-La Liga,2223,Girona,Miguel Gutiérrez,ESP,DF,21,2001,26.6,1130,1386,81.5,17750,5265,631,689,91.6,405,494,82.0,70,129,54.3,3,3.3,3.1,-0.3,22,92,29,16,125
ESP-La Liga,2223,Girona,Oriol Romeu,ESP,MF,30,1991,32.8,1405,1626,86.4,24124,6512,641,695,92.2,593,655,90.5,123,187,65.8,0,0.9,1.3,-0.9,20,124,16,3,133
ESP-La Liga,2223,Girona,Oscar Ureña,DOM,MF,19,2003,1.1,15,22,68.2,192,19,7,10,70.0,6,6,100.0,0,2,0.0,0,0.0,0.0,0.0,0,1,0,0,1
ESP-La Liga,2223,Girona,Paulo Gazzaniga,ARG,GK,30,1992,28.0,783,1070,73.2,21240,15708,201,201,100.0,349,359,97.2,231,501,46.1,0,0.2,0.0,-0.2,1,21,0,0,0
ESP-La Liga,2223,Girona,Ramón Terrats,ESP,MF,21,2000,2.4,77,96,80.2,1216,290,44,48,91.7,23,31,74.2,8,10,80.0,0,0.0,0.0,0.0,1,5,1,0,6
ESP-La Liga,2223,Girona,Reinier,BRA,"MF,FW",20,2002,7.2,198,248,79.8,2642,664,128,148,86.5,62,75,82.7,3,9,33.3,1,0.6,0.7,0.4,7,11,8,0,25
ESP-La Liga,2223,Girona,Ricard Artero,ESP,"MF,FW",19,2003,1.5,37,47,78.7,431,85,28,32,87.5,5,6,83.3,1,2,50.0,0,0.0,0.1,0.0,0,2,0,0,3
ESP-La Liga,2223,Girona,Rodrigo Riquelme,ESP,"MF,FW",22,2000,24.2,497,715,69.5,7275,2261,286,350,81.7,162,230,70.4,26,69,37.7,4,3.7,3.8,0.3,33,42,28,7,85
ESP-La Liga,2223,Girona,Samuel Sáiz,ESP,MF,31,1991,2.7,122,162,75.3,1903,476,71,82,86.6,36,46,78.3,10,15,66.7,0,0.2,0.3,-0.2,3,13,7,2,17
ESP-La Liga,2223,Girona,Santiago Bueno,URU,DF,23,1998,33.4,1576,1823,86.5,31141,10648,509,557,91.4,875,940,93.1,173,279,62.0,1,1.0,0.7,0.0,9,148,5,1,148
ESP-La Liga,2223,Girona,Toni Villa,ESP,"MF,FW",27,1995,9.9,257,335,76.7,3626,1168,153,172,89.0,80,105,76.2,11,23,47.8,3,1.6,1.3,1.4,14,21,8,5,38
ESP-La Liga,2223,Girona,Valentín Castellanos,ARG,FW,23,1998,28.9,244,397,61.5,3345,704,144,200,72.0,74,125,59.2,12,17,70.6,0,1.7,2.3,-1.7,15,17,16,1,34
ESP-La Liga,2223,Girona,Valery Fernández,ESP,"MF,DF",22,1999,10.7,295,356,82.9,4143,830,187,206,90.8,75,95,78.9,20,24,83.3,2,1.2,0.7,0.8,18,12,8,2,20
ESP-La Liga,2223,Girona,Viktor Tsyhankov,UKR,MF,24,1997,16.5,433,622,69.6,6648,1872,257,319,80.6,108,161,67.1,49,79,62.0,6,2.9,3.0,3.1,36,21,16,2,46
ESP-La Liga,2223,Girona,Yan Couto,BRA,"DF,MF",20,2002,12.9,444,598,74.2,7221,2170,229,262,87.4,158,212,74.5,39,73,53.4,2,2.5,2.1,-0.5,19,33,20,11,55
ESP-La Liga,2223,Girona,Yangel Herrera,VEN,"MF,FW",24,1998,10.7,332,418,79.4,4970,1262,186,206,90.3,109,134,81.3,24,44,54.5,2,1.0,1.0,1.0,11,31,10,2,46
ESP-La Liga,2223,Mallorca,Abdón Prats,ESP,"FW,MF",29,1992,4.6,58,91,63.7,874,173,27,45,60.0,18,28,64.3,6,7,85.7,1,1.4,0.2,-0.4,7,4,3,0,8
ESP-La Liga,2223,Mallorca,Amath,SEN,"MF,FW",26,1996,13.6,215,299,71.9,2692,708,147,174,84.5,41,64,64.1,9,19,47.4,0,0.8,0.6,-0.8,2,13,5,3,16
ESP-La Liga,2223,Mallorca,Antonio Raillo,ESP,DF,30,1991,30.7,902,1088,82.9,18671,6723,230,271,84.9,566,612,92.5,99,173,57.2,3,1.1,0.6,1.9,7,32,0,0,50
ESP-La Liga,2223,Mallorca,Antonio Sánchez,ESP,"MF,DF",25,1997,12.0,312,447,69.8,5402,1314,146,176,83.0,122,156,78.2,33,69,47.8,0,0.8,0.8,-0.8,6,24,6,4,34
ESP-La Liga,2223,Mallorca,Braian Cufré,ARG,DF,25,1996,2.4,76,92,82.6,1256,437,40,43,93.0,25,29,86.2,7,12,58.3,0,0.0,0.1,0.0,1,4,1,0,7
ESP-La Liga,2223,Mallorca,Clément Grenier,FRA,MF,31,1991,8.0,256,356,71.9,4406,1363,132,151,87.4,79,107,73.8,35,76,46.1,0,1.1,1.5,-1.1,12,31,6,2,40
ESP-La Liga,2223,Mallorca,Copete,ESP,DF,22,1999,24.5,668,880,75.9,13455,5746,232,262,88.5,319,366,87.2,106,199,53.3,0,0.2,0.3,-0.2,3,61,4,1,58
ESP-La Liga,2223,Mallorca,Dani Rodríguez,ESP,MF,34,1988,23.3,537,685,78.4,8403,2192,310,348,89.1,153,191,80.1,48,77,62.3,6,3.2,2.4,2.8,26,50,19,2,76
ESP-La Liga,2223,Mallorca,Dennis Hadzikadunic,BIH,DF,24,1998,6.8,142,189,75.1,2712,1065,53,62,85.5,66,81,81.5,20,40,50.0,0,0.0,0.0,0.0,0,9,0,0,19
ESP-La Liga,2223,Mallorca,Dominik Greif,SVK,GK,25,1997,1.0,23,38,60.5,1222,1170,0,0,,4,4,100.0,19,34,55.9,0,0.0,0.0,0.0,0,1,0,0,0
ESP-La Liga,2223,Mallorca,Franco Russo,ARG,DF,27,1994,1.6,46,60,76.7,957,445,17,23,73.9,22,24,91.7,7,13,53.8,0,0.0,0.0,0.0,0,4,0,0,1
ESP-La Liga,2223,Mallorca,Giovanni González,URU,DF,27,1994,10.3,336,428,78.5,5449,2264,188,213,88.3,123,156,78.8,21,46,45.7,2,1.2,0.6,0.8,5,19,7,4,28
ESP-La Liga,2223,Mallorca,Iddrisu Baba,GHA,"MF,DF",26,1996,18.9,476,584,81.5,8907,2460,190,212,89.6,221,252,87.7,57,93,61.3,0,0.2,0.3,-0.2,5,42,2,0,47
ESP-La Liga,2223,Mallorca,Iñigo Ruiz de Galarreta,ESP,MF,28,1993,27.2,1016,1243,81.7,17935,4838,468,529,88.5,408,464,87.9,106,173,61.3,1,1.4,1.8,-0.4,20,104,14,0,127
ESP-La Liga,2223,Mallorca,Jaume Costa,ESP,DF,34,1988,28.9,854,1165,73.3,14099,5450,440,505,87.1,336,449,74.8,66,139,47.5,1,2.5,2.7,-1.5,31,55,31,17,74
ESP-La Liga,2223,Mallorca,Javier Llabrés,ESP,FW,19,2002,0.2,4,4,100.0,37,12,4,4,100.0,0,0,,0,0,,0,0.0,0.0,0.0,0,0,0,0,0
ESP-La Liga,2223,Mallorca,Josep Antoni Gayá,ESP,"DF,MF",22,2000,1.1,6,7,85.7,96,34,3,3,100.0,3,3,100.0,0,0,,0,0.0,0.0,0.0,0,0,0,0,0
ESP-La Liga,2223,Mallorca,Lago Junior,CIV,"FW,MF",31,1990,0.6,12,18,66.7,154,31,6,7,85.7,3,5,60.0,1,2,50.0,0,0.0,0.0,0.0,0,0,0,0,0
ESP-La Liga,2223,Mallorca,Lee Kang-in,KOR,"MF,FW",21,2001,31.4,772,1103,70.0,12995,4205,400,465,86.0,249,317,78.5,89,227,39.2,6,5.4,5.0,0.6,54,75,30,11,96
ESP-La Liga,2223,Mallorca,Leo Román,ESP,GK,22,2000,1.0,29,42,69.0,846,648,6,6,100.0,12,12,100.0,11,24,45.8,0,0.0,0.0,0.0,0,0,0,0,0
ESP-La Liga,2223,Mallorca,Ludwig Augustinsson,SWE,DF,28,1994,1.5,49,70,70.0,727,274,32,35,91.4,13,23,56.5,2,10,20.0,0,0.0,0.1,0.0,1,1,2,2,5
ESP-La Liga,2223,Mallorca,Manu Morlanes,ESP,MF,23,1999,7.8,190,226,84.1,3121,862,95,111,85.6,67,75,89.3,19,24,79.2,0,0.7,0.5,-0.7,3,20,5,0,26
ESP-La Liga,2223,Mallorca,Martin Valjent,SVK,DF,26,1995,29.5,885,1123,78.8,16962,7350,359,389,92.3,414,489,84.7,105,213,49.3,0,0.4,0.4,-0.4,3,59,5,2,57
ESP-La Liga,2223,Mallorca,Matija Nastasić,SRB,DF,29,1993,10.1,238,298,79.9,5007,2120,75,87,86.2,128,137,93.4,35,70,50.0,0,0.0,0.2,0.0,0,24,4,0,25
ESP-La Liga,2223,Mallorca,Pablo Maffeo,ESP,DF,25,1997,33.1,819,1221,67.1,14063,6175,415,469,88.5,310,460,67.4,83,213,39.0,4,3.0,2.7,1.0,34,53,29,21,61
ESP-La Liga,2223,Mallorca,Predrag Rajković,SRB,GK,26,1995,36.0,717,1210,59.3,28066,23317,75,76,98.7,236,239,98.7,401,888,45.2,0,0.5,0.1,-0.5,4,51,1,0,3
ESP-La Liga,2223,Mallorca,Rodrigo Battaglia,ARG,MF,31,1991,7.6,185,232,79.7,2885,894,93,106,87.7,78,93,83.9,11,20,55.0,0,0.0,0.1,0.0,1,24,1,0,19
ESP-La Liga,2223,Mallorca,Rubén Quintanilla,ESP,DF,20,2002,0.0,2,2,100.0,70,21,0,0,,0,0,,2,2,100.0,0,0.0,0.0,0.0,0,0,0,0,1
ESP-La Liga,2223,Mallorca,Tino Kadewere,ZIM,"FW,MF",26,1996,6.0,95,151,62.9,1261,233,56,79,70.9,29,43,67.4,3,11,27.3,0,0.6,0.2,-0.6,3,6,0,0,4
ESP-La Liga,2223,Mallorca,Vedat Muriqi,KVX,FW,28,1994,32.6,472,827,57.1,6327,1330,307,426,72.1,125,257,48.6,18,49,36.7,3,2.1,1.7,0.9,21,43,6,0,60
ESP-La Liga,2223,Mallorca,Ángel Rodríguez,ESP,"FW,MF",35,1987,4.4,59,82,72.0,839,183,29,36,80.6,14,21,66.7,5,9,55.6,0,0.1,0.1,-0.1,3,6,1,0,6
ESP-La Liga,2223,Osasuna,Abde Ezzalzouli,MAR,"FW,MF",20,2001,16.7,365,549,66.5,5242,1286,222,268,82.8,107,164,65.2,24,51,47.1,2,1.9,3.8,0.1,12,13,24,9,44
ESP-La Liga,2223,Osasuna,Aimar Oroz,ESP,"MF,FW",20,2001,22.4,649,820,79.1,9209,2193,400,462,86.6,194,239,81.2,32,49,65.3,6,2.8,2.3,3.2,33,48,20,0,86
ESP-La Liga,2223,Osasuna,Aitor Fernández,ESP,GK,31,1991,21.0,518,793,65.3,18920,16063,44,45,97.8,205,212,96.7,269,531,50.7,0,0.0,0.1,0.0,0,33,0,0,1
ESP-La Liga,2223,Osasuna,Ante Budimir,CRO,FW,31,1991,20.0,194,315,61.6,2324,372,123,172,71.5,55,97,56.7,1,7,14.3,0,0.7,0.6,-0.7,10,13,3,0,23
ESP-La Liga,2223,Osasuna,Aridane Hernández,ESP,DF,33,1989,19.9,745,882,84.5,15152,4941,248,271,91.5,390,439,88.8,105,160,65.6,1,0.7,0.4,0.3,3,42,2,0,47
ESP-La Liga,2223,Osasuna,Darko Brašanac,SRB,MF,30,1992,11.6,306,376,81.4,4620,1215,162,179,90.5,118,143,82.5,11,19,57.9,1,0.6,0.6,0.4,7,40,7,2,49
ESP-La Liga,2223,Osasuna,David García,ESP,DF,28,1994,29.8,1152,1424,80.9,23635,9514,380,429,88.6,586,669,87.6,175,302,57.9,0,0.4,0.6,-0.4,5,117,6,0,105
ESP-La Liga,2223,Osasuna,Diego Moreno,ESP,DF,21,2001,7.1,216,324,66.7,3805,1315,90,106,84.9,96,133,72.2,26,65,40.0,0,0.2,0.3,-0.2,3,17,3,1,14
ESP-La Liga,2223,Osasuna,Ezequiel Ávila,ARG,"FW,MF",28,1994,19.0,287,526,54.6,5983,1501,131,185,70.8,87,151,57.6,62,139,44.6,2,1.8,2.1,0.2,18,24,25,14,39
ESP-La Liga,2223,Osasuna,Iker Benito,ESP,"FW,MF",19,2002,2.0,31,42,73.8,501,92,24,29,82.8,3,7,42.9,4,5,80.0,0,0.3,0.2,-0.3,3,0,1,1,3
ESP-La Liga,2223,Osasuna,Iker Muñoz,ESP,MF,19,2002,2.8,90,111,81.1,2025,528,31,35,88.6,34,41,82.9,25,34,73.5,0,0.0,0.0,0.0,0,10,0,0,12
ESP-La Liga,2223,Osasuna,Jon Moncayola,ESP,"MF,DF",24,1998,27.2,1136,1461,77.8,22841,7870,433,490,88.4,516,609,84.7,176,315,55.9,3,1.8,2.2,1.2,27,170,22,10,175
ESP-La Liga,2223,Osasuna,Jorge Herrando,ESP,DF,21,2001,0.3,3,5,60.0,45,7,1,3,33.3,2,2,100.0,0,0,,0,0.0,0.0,0.0,0,0,0,0,0
ESP-La Liga,2223,Osasuna,Juan Cruz Armada,ESP,DF,30,1992,22.9,746,985,75.7,12722,5613,350,395,88.6,319,406,78.6,64,137,46.7,0,1.0,1.0,-1.0,15,66,17,10,68
ESP-La Liga,2223,Osasuna,Kike Barja,ESP,"FW,MF",25,1997,14.6,316,487,64.9,5033,1204,174,216,80.6,96,153,62.7,30,65,46.2,6,3.9,3.6,2.1,28,13,25,18,35
ESP-La Liga,2223,Osasuna,Kiké,ESP,FW,32,1989,11.3,167,244,68.4,2161,275,109,130,83.8,40,64,62.5,6,16,37.5,0,1.1,0.8,-1.1,13,13,7,0,15
ESP-La Liga,2223,Osasuna,Lucas Torró,ESP,MF,28,1994,27.5,940,1166,80.6,15141,4090,496,571,86.9,350,415,84.3,68,116,58.6,0,0.3,0.4,-0.3,9,80,0,0,98
ESP-La Liga,2223,Osasuna,Manu Sánchez,ESP,DF,21,2000,23.6,916,1144,80.1,13651,4619,538,603,89.2,302,375,80.5,53,106,50.0,2,2.1,3.1,-0.1,28,72,35,21,100
ESP-La Liga,2223,Osasuna,Moi Gómez,ESP,"MF,FW",28,1994,27.3,1314,1559,84.3,24801,6445,579,619,93.5,522,584,89.4,186,286,65.0,2,4.5,4.8,-2.5,53,170,34,13,184
ESP-La Liga,2223,Osasuna,Nacho Vidal,ESP,DF,27,1995,13.9,472,622,75.9,7829,3267,227,257,88.3,197,248,79.4,36,82,43.9,0,0.6,0.6,-0.6,3,33,8,3,47
ESP-La Liga,2223,Osasuna,Pablo Ibáñez,ESP,MF,23,1998,11.8,280,386,72.5,4716,1459,142,170,83.5,114,143,79.7,20,38,52.6,1,0.8,0.2,0.2,11,34,4,0,59
ESP-La Liga,2223,Osasuna,Roberto Torres,ESP,"FW,MF",33,1989,0.1,12,13,92.3,223,50,5,5,100.0,2,3,66.7,3,3,100.0,0,0.3,0.2,-0.3,2,0,0,0,0
ESP-La Liga,2223,Osasuna,Rubén García,ESP,"FW,MF",29,1993,12.9,411,567,72.5,6895,1810,223,254,87.8,116,158,73.4,53,111,47.7,2,2.0,2.2,0.0,25,23,13,3,40
ESP-La Liga,2223,Osasuna,Rubén Peña,ESP,"DF,MF",31,1991,14.2,432,620,69.7,6862,3062,233,261,89.3,156,220,70.9,34,94,36.2,1,1.0,1.4,0.0,10,37,12,7,61
ESP-La Liga,2223,Osasuna,Sergio Herrera,ESP,GK,29,1993,17.0,389,611,63.7,14092,11862,31,32,96.9,158,162,97.5,200,415,48.2,0,0.0,0.0,0.0,1,28,0,0,0
ESP-La Liga,2223,Osasuna,Unai García,ESP,DF,30,1992,19.0,638,803,79.5,13808,4944,169,190,88.9,365,418,87.3,96,177,54.2,1,0.1,0.2,0.9,3,44,3,2,51
ESP-La Liga,2223,Rayo Vallecano,Abdul Mumin,GHA,DF,24,1998,10.2,299,390,76.7,6424,1975,73,82,89.0,180,202,89.1,45,99,45.5,0,0.0,0.1,0.0,1,18,1,1,19
ESP-La Liga,2223,Rayo Vallecano,Andrés Martín,ESP,"FW,MF",23,1999,2.3,39,77,50.6,623,173,21,33,63.6,12,19,63.2,4,14,28.6,0,0.5,0.2,-0.5,1,1,3,2,4
ESP-La Liga,2223,Rayo Vallecano,Bebé,CPV,FW,32,1990,0.7,21,38,55.3,411,101,8,9,88.9,9,17,52.9,4,7,57.1,0,0.1,0.1,-0.1,2,2,1,1,1
ESP-La Liga,2223,Rayo Vallecano,Catena,ESP,DF,27,1994,34.5,1505,1825,82.5,36676,15330,299,340,87.9,841,914,92.0,361,538,67.1,1,1.4,0.6,-0.4,7,134,3,0,119
ESP-La Liga,2223,Rayo Vallecano,Diego López,ESP,GK,40,1981,1.1,22,29,75.9,462,309,7,8,87.5,11,11,100.0,4,10,40.0,0,0.0,0.0,0.0,0,0,0,0,0
ESP-La Liga,2223,Rayo Vallecano,Diego Méndez,ESP,MF,18,2003,0.0,1,2,50.0,13,2,1,2,50.0,0,0,,0,0,,0,0.0,0.0,0.0,0,0,0,0,0
ESP-La Liga,2223,Rayo Vallecano,Esteban Saveljich,MNE,FW,31,1991,0.0,0,0,,0,0,0,0,,0,0,,0,0,,0,0.0,0.0,0.0,0,0,0,0,0
ESP-La Liga,2223,Rayo Vallecano,Florian Lejeune,FRA,DF,31,1991,28.5,1110,1417,78.3,26005,10316,248,285,87.0,633,696,90.9,221,401,55.1,0,0.3,0.4,-0.3,8,119,5,1,80
ESP-La Liga,2223,Rayo Vallecano,Fran Garcia,ESP,DF,22,1999,37.9,1626,2071,78.5,26531,8312,800,879,91.0,684,830,82.4,107,244,43.9,3,1.6,2.0,1.4,29,139,31,26,147
ESP-La Liga,2223,Rayo Vallecano,Isaac Palazón Camacho,ESP,"FW,MF",27,1994,32.9,979,1376,71.1,16672,4781,492,563,87.4,340,447,76.1,111,264,42.0,5,5.2,5.9,-0.2,66,84,47,11,127
ESP-La Liga,2223,Rayo Vallecano,Iván Balliu,ALB,DF,30,1992,35.9,1422,1850,76.9,23328,9525,718,792,90.7,551,707,77.9,118,235,50.2,0,2.8,2.6,-2.8,32,95,34,18,131
ESP-La Liga,2223,Rayo Vallecano,José Pozo,ESP,"MF,FW",26,1996,1.0,34,45,75.6,481,128,20,24,83.3,8,13,61.5,3,4,75.0,0,0.1,0.2,-0.1,2,5,2,0,6
ESP-La Liga,2223,Rayo Vallecano,Mario Hernández,ESP,DF,23,1999,1.1,30,38,78.9,455,139,16,21,76.2,11,12,91.7,2,4,50.0,0,0.0,0.0,0.0,0,3,0,0,3
ESP-La Liga,2223,Rayo Vallecano,Mario Suárez,ESP,"MF,DF",35,1987,0.1,2,3,66.7,28,6,1,1,100.0,1,2,50.0,0,0,,0,0.0,0.0,0.0,0,0,0,0,0
ESP-La Liga,2223,Rayo Vallecano,Pablo Muñoz,ESP,MF,18,2003,0.1,2,2,100.0,23,15,2,2,100.0,0,0,,0,0,,0,0.0,0.0,0.0,0,1,0,0,1
ESP-La Liga,2223,Rayo Vallecano,Pathé Ciss,SEN,"MF,DF",28,1994,14.2,575,700,82.1,11074,3062,226,268,84.3,273,307,88.9,70,96,72.9,0,0.3,0.3,-0.3,6,63,4,0,65
ESP-La Liga,2223,Rayo Vallecano,Pep Chavarría,ESP,"FW,MF",24,1998,4.1,126,178,70.8,1933,743,65,77,84.4,45,57,78.9,8,18,44.4,2,0.7,0.5,1.3,11,7,8,2,19
ESP-La Liga,2223,Rayo Vallecano,Radamel Falcao,COL,"FW,MF",36,1986,6.8,123,167,73.7,1625,211,81,100,81.0,34,40,85.0,4,7,57.1,0,0.1,0.2,-0.1,3,7,1,0,14
ESP-La Liga,2223,Rayo Vallecano,Randy Nteka,ANG,"FW,MF",24,1997,1.3,49,65,75.4,752,155,23,31,74.2,20,21,95.2,3,6,50.0,0,0.0,0.1,0.0,1,7,1,0,6
ESP-La Liga,2223,Rayo Vallecano,Raúl de Tomás,ESP,FW,27,1994,8.9,114,155,73.5,1874,303,58,68,85.3,37,46,80.4,12,24,50.0,0,0.5,0.9,-0.5,9,8,7,0,18
ESP-La Liga,2223,Rayo Vallecano,Salvi,ESP,"FW,MF",31,1991,5.4,119,208,57.2,1677,539,85,106,80.2,23,46,50.0,8,26,30.8,0,0.7,0.8,-0.7,7,7,8,5,13
ESP-La Liga,2223,Rayo Vallecano,Santi Comesaña,ESP,MF,25,1996,27.2,1024,1240,82.6,16598,5032,533,604,88.2,377,449,84.0,83,115,72.2,2,2.2,2.0,-0.2,41,136,17,2,150
ESP-La Liga,2223,Rayo Vallecano,Sergio Camello,ESP,FW,21,2001,26.7,408,523,78.0,5782,733,235,285,82.5,126,156,80.8,20,28,71.4,5,2.4,1.7,2.6,28,15,13,0,42
ESP-La Liga,2223,Rayo Vallecano,Stole Dimitrievski,MKD,GK,28,1993,36.9,690,1124,61.4,20209,14772,118,118,100.0,331,336,98.5,240,658,36.5,0,0.0,0.0,0.0,1,21,0,0,0
ESP-La Liga,2223,Rayo Vallecano,Unai López,ESP,MF,26,1995,13.9,745,929,80.2,13818,3802,332,372,89.2,283,328,86.3,110,175,62.9,2,1.4,1.9,0.6,21,102,14,3,98
ESP-La Liga,2223,Rayo Vallecano,Álvaro García,ESP,"FW,MF",29,1992,31.9,664,1036,64.1,10196,3009,383,473,81.0,214,337,63.5,46,128,35.9,5,5.7,4.9,-0.7,48,28,41,27,71
ESP-La Liga,2223,Rayo Vallecano,Óscar Trejo,ARG,"MF,FW",34,1988,23.8,811,1005,80.7,11119,3045,497,558,89.1,233,283,82.3,36,69,52.2,4,3.3,2.9,0.7,43,107,23,2,123
ESP-La Liga,2223,Rayo Vallecano,Óscar Valentín,ESP,MF,27,1994,28.4,957,1173,81.6,16532,5381,469,528,88.8,377,440,85.7,97,159,61.0,0,0.9,1.2,-0.9,19,138,5,1,133
ESP-La Liga,2223,Real Madrid,Andriy Lunin,UKR,GK,23,1999,7.0,205,227,90.3,4750,3000,45,45,100.0,117,120,97.5,43,61,70.5,0,0.0,0.0,0.0,0,0,0,0,0
ESP-La Liga,2223,Real Madrid,Antonio Rüdiger,GER,DF,29,1993,26.8,1486,1617,91.9,26566,8924,595,621,95.8,768,807,95.2,109,153,71.2,0,0.1,0.9,-0.1,2,75,6,0,59
ESP-La Liga,2223,Real Madrid,Aurélien Tchouaméni,FRA,MF,22,2000,23.5,1578,1700,92.8,25016,7823,807,851,94.8,646,686,94.2,88,106,83.0,4,2.2,2.1,1.8,22,159,11,0,142
ESP-La Liga,2223,Real Madrid,Casemiro,BRA,MF,30,1992,0.1,7,8,87.5,134,50,6,6,100.0,0,0,,1,2,50.0,0,0.0,0.0,0.0,0,1,0,0,0
ESP-La Liga,2223,Real Madrid,Dani Carvajal,ESP,DF,30,1992,19.8,1133,1333,85.0,18356,4041,607,664,91.4,416,483,86.1,86,123,69.9,2,2.0,2.0,0.0,22,57,21,8,58
ESP-La Liga,2223,Real Madrid,Dani Ceballos,ESP,MF,25,1996,17.4,1362,1504,90.6,21362,6610,745,785,94.9,445,475,93.7,117,146,80.1,4,2.1,2.0,1.9,30,198,18,1,204
ESP-La Liga,2223,Real Madrid,David Alaba,AUT,DF,30,1992,20.4,1042,1189,87.6,15258,5475,601,626,96.0,340,388,87.6,53,99,53.5,3,1.1,1.3,1.9,16,68,9,4,67
ESP-La Liga,2223,Real Madrid,Eden Hazard,BEL,FW,31,1991,2.2,96,108,88.9,1184,231,60,68,88.2,21,22,95.5,4,4,100.0,1,0.5,0.5,0.5,7,6,3,0,8
ESP-La Liga,2223,Real Madrid,Eduardo Camavinga,FRA,"MF,DF",19,2002,22.3,1364,1504,90.7,21221,5654,711,763,93.2,517,548,94.3,89,112,79.5,1,1.5,2.2,-0.5,24,138,17,1,165
ESP-La Liga,2223,Real Madrid,Federico Valverde,URU,"MF,FW",24,1998,27.8,1427,1641,87.0,21092,4276,855,915,93.4,424,489,86.7,99,136,72.8,4,6.3,5.1,-2.3,43,118,45,6,151
ESP-La Liga,2223,Real Madrid,Ferland Mendy,FRA,DF,27,1995,15.0,794,862,92.1,10969,2745,507,532,95.3,223,246,90.7,34,38,89.5,1,0.6,0.6,0.4,13,54,9,0,56
ESP-La Liga,2223,Real Madrid,Jesús Vallejo,ESP,DF,25,1997,0.2,12,12,100.0,224,80,4,4,100.0,6,6,100.0,1,1,100.0,0,0.0,0.0,0.0,0,1,0,0,0
ESP-La Liga,2223,Real Madrid,Karim Benzema,FRA,FW,34,1987,22.6,924,1070,86.4,10990,2417,624,695,89.8,193,210,91.9,24,32,75.0,3,5.8,5.5,-2.8,48,71,51,0,138
ESP-La Liga,2223,Real Madrid,Lucas Vázquez,ESP,DF,31,1991,12.7,808,936,86.3,12257,2640,456,495,92.1,279,319,87.5,50,74,67.6,1,1.6,3.1,-0.6,21,28,30,6,50
ESP-La Liga,2223,Real Madrid,Luka Modrić,CRO,MF,36,1985,19.4,1336,1521,87.8,20964,6451,740,786,94.1,414,467,88.7,127,179,70.9,3,4.5,4.2,-1.5,42,153,22,3,182
ESP-La Liga,2223,Real Madrid,Marco Asensio,ESP,"FW,MF",26,1996,16.0,650,802,81.0,9900,2248,378,415,91.1,187,222,84.2,56,102,54.9,6,4.9,4.2,1.1,41,60,26,6,70
ESP-La Liga,2223,Real Madrid,Mariano,DOM,FW,28,1993,1.7,32,41,78.0,426,81,25,30,83.3,5,7,71.4,2,2,100.0,0,0.4,0.7,-0.4,1,3,0,0,2
ESP-La Liga,2223,Real Madrid,Nacho,ESP,DF,32,1990,18.2,1085,1184,91.6,16750,5906,577,612,94.3,427,454,94.1,53,74,71.6,1,0.9,0.7,0.1,12,79,8,1,75
ESP-La Liga,2223,Real Madrid,Rodrygo,BRA,"FW,MF",21,2001,26.4,918,1050,87.4,10744,2092,650,702,92.6,162,188,86.2,33,43,76.7,8,7.0,6.2,1.0,47,63,28,3,81
ESP-La Liga,2223,Real Madrid,Sergio Arribas,ESP,"MF,FW",20,2001,0.2,9,11,81.8,131,35,6,6,100.0,3,5,60.0,0,0,,0,0.0,0.0,0.0,1,1,1,0,2
ESP-La Liga,2223,Real Madrid,Thibaut Courtois,BEL,GK,30,1992,31.0,980,1136,86.3,23008,14737,219,220,99.5,560,567,98.8,196,341,57.5,0,0.4,0.0,-0.4,2,6,1,0,0
ESP-La Liga,2223,Real Madrid,Toni Kroos,GER,MF,32,1990,23.9,2255,2482,90.9,42174,15247,991,1022,97.0,907,964,94.1,314,419,74.9,4,4.4,5.5,-0.4,55,372,26,7,319
ESP-La Liga,2223,Real Madrid,Vinicius Júnior,BRA,FW,22,2000,31.4,883,1153,76.6,11725,2422,581,665,87.4,204,262,77.9,44,74,59.5,9,9.4,8.8,-0.4,64,30,45,2,87
ESP-La Liga,2223,Real Madrid,Álvaro Odriozola,ESP,DF,26,1995,0.4,27,28,96.4,376,108,19,20,95.0,7,7,100.0,1,1,100.0,0,0.3,0.1,-0.3,2,1,1,1,2
ESP-La Liga,2223,Real Madrid,Álvaro Rodríguez,URU,FW,18,2004,0.9,9,12,75.0,127,22,5,6,83.3,4,6,66.7,0,0,,1,0.3,0.1,0.7,1,0,1,0,1
ESP-La Liga,2223,Real Madrid,Éder Militão,BRA,DF,24,1998,30.0,1660,1881,88.3,31882,10563,648,691,93.8,794,862,92.1,188,273,68.9,0,0.6,0.8,-0.6,6,138,5,1,98
ESP-La Liga,2223,Real Sociedad,Aihen Muñoz,ESP,DF,24,1997,19.5,781,1027,76.0,13080,5178,389,436,89.2,323,403,80.1,60,132,45.5,1,0.9,1.1,0.1,14,48,18,11,57
ESP-La Liga,2223,Real Sociedad,Alex Sola,ESP,DF,23,1999,3.9,158,198,79.8,2779,704,60,68,88.2,78,91,85.7,15,28,53.6,0,0.1,0.1,-0.1,2,6,1,1,4
ESP-La Liga,2223,Real Sociedad,Alexander Isak,SWE,FW,22,1999,1.7,17,30,56.7,236,60,11,14,78.6,6,9,66.7,0,2,0.0,0,0.1,0.0,-0.1,2,0,1,0,3
ESP-La Liga,2223,Real Sociedad,Alexander Sørloth,NOR,FW,26,1995,26.5,329,481,68.4,4213,567,210,269,78.1,88,132,66.7,9,16,56.3,3,4.2,1.9,-1.2,31,11,10,2,20
ESP-La Liga,2223,Real Sociedad,Ander Barrenetxea,ESP,"FW,DF",20,2001,9.8,288,376,76.6,4302,1117,162,187,86.6,95,113,84.1,19,33,57.6,1,1.2,1.1,-0.2,9,14,9,1,27
ESP-La Liga,2223,Real Sociedad,Ander Guevara,ESP,MF,25,1997,2.5,161,179,89.9,2454,585,85,88,96.6,66,71,93.0,5,8,62.5,0,0.7,0.3,-0.7,4,23,1,0,15
ESP-La Liga,2223,Real Sociedad,Ander Martin,ESP,"MF,FW",21,2000,0.5,12,24,50.0,175,71,7,9,77.8,4,9,44.4,0,1,0.0,0,0.1,0.0,-0.1,2,2,0,0,3
ESP-La Liga,2223,Real Sociedad,Andoni Gorosabel,ESP,DF,25,1996,19.0,888,1049,84.7,13271,4844,512,561,91.3,297,344,86.3,50,83,60.2,0,1.0,1.7,-1.0,13,42,22,12,68
ESP-La Liga,2223,Real Sociedad,Aritz Elustondo,ESP,DF,28,1994,16.1,653,809,80.7,10994,4008,302,337,89.6,296,359,82.5,42,81,51.9,1,1.1,0.4,-0.1,4,39,7,2,52
ESP-La Liga,2223,Real Sociedad,Asier Illarramendi,ESP,MF,32,1990,12.0,545,640,85.2,8295,2035,297,329,90.3,198,220,90.0,32,49,65.3,0,0.4,0.4,-0.4,10,53,3,1,48
ESP-La Liga,2223,Real Sociedad,Beñat Turrientes,ESP,"MF,FW",20,2002,1.2,40,47,85.1,707,113,20,23,87.0,14,14,100.0,5,9,55.6,0,0.2,0.0,-0.2,2,3,0,0,2
ESP-La Liga,2223,Real Sociedad,Brais Méndez,ESP,MF,25,1997,26.7,1010,1312,77.0,16082,4201,546,618,88.3,303,383,79.1,110,206,53.4,4,3.7,4.8,0.3,48,92,29,3,137
ESP-La Liga,2223,Real Sociedad,Carlos Fernández,ESP,FW,26,1996,7.0,96,148,64.9,1274,273,51,78,65.4,35,48,72.9,0,3,0.0,0,0.6,0.3,-0.6,7,4,4,0,13
ESP-La Liga,2223,Real Sociedad,David Silva,ESP,MF,36,1986,21.5,983,1165,84.4,15023,3274,514,573,89.7,352,411,85.6,68,93,73.1,5,3.6,3.0,1.4,35,93,37,2,162
ESP-La Liga,2223,Real Sociedad,Diego Rico,ESP,DF,29,1993,18.3,746,985,75.7,12521,5657,371,425,87.3,306,394,77.7,53,120,44.2,0,1.5,1.7,-1.5,10,57,19,10,64
ESP-La Liga,2223,Real Sociedad,Igor Zubeldia,ESP,DF,25,1997,28.2,1329,1557,85.4,26531,9705,422,474,89.0,753,824,91.4,149,231,64.5,1,0.4,0.6,0.6,3,79,8,1,128
ESP-La Liga,2223,Real Sociedad,Jon Karrikaburu,ESP,FW,19,2002,1.0,11,18,61.1,164,66,5,7,71.4,2,4,50.0,2,3,66.7,0,0.3,0.1,-0.3,1,2,1,0,4
ESP-La Liga,2223,Real Sociedad,Jon Magunazelaia,ESP,"MF,FW",21,2001,0.7,8,16,50.0,150,56,4,10,40.0,3,4,75.0,1,1,100.0,0,0.4,0.5,-0.4,2,0,0,0,0
ESP-La Liga,2223,Real Sociedad,Jon Pacheco,ESP,DF,21,2001,13.3,812,907,89.5,15784,4590,262,280,93.6,464,490,94.7,78,117,66.7,1,0.1,0.1,0.9,1,51,0,0,48
ESP-La Liga,2223,Real Sociedad,Martín Zubimendi,ESP,MF,23,1999,34.5,1545,1812,85.3,26783,8092,692,784,88.3,702,770,91.2,125,188,66.5,3,2.0,2.2,1.0,20,175,23,1,184
ESP-La Liga,2223,Real Sociedad,Mikel Merino,ESP,MF,26,1996,27.7,1145,1502,76.2,18019,6014,607,715,84.9,408,517,78.9,83,161,51.6,9,5.7,5.0,3.3,44,154,36,5,172
ESP-La Liga,2223,Real Sociedad,Mikel Oyarzabal,ESP,"FW,MF",25,1997,13.5,285,392,72.7,4018,796,179,205,87.3,76,103,73.8,17,39,43.6,1,2.2,1.9,-1.2,14,14,9,2,29
ESP-La Liga,2223,Real Sociedad,Mohamed Ali Cho,FRA,"FW,MF",18,2004,6.5,108,165,65.5,1506,407,72,82,87.8,27,53,50.9,5,17,29.4,2,1.7,1.6,0.3,7,6,10,7,8
ESP-La Liga,2223,Real Sociedad,Olasagasti,ESP,"MF,DF",21,2000,0.7,39,48,81.3,645,118,19,25,76.0,18,19,94.7,2,3,66.7,0,0.0,0.0,0.0,0,6,1,0,2
ESP-La Liga,2223,Real Sociedad,Pablo Marín,ESP,"MF,FW",19,2003,4.0,128,168,76.2,1809,362,78,92,84.8,36,48,75.0,9,12,75.0,0,0.8,0.4,-0.8,6,9,2,0,15
ESP-La Liga,2223,Real Sociedad,Roberto Navarro,ESP,"MF,FW",20,2002,3.9,99,138,71.7,1345,382,60,73,82.2,22,35,62.9,8,13,61.5,0,1.2,1.1,-1.2,12,8,3,0,13
ESP-La Liga,2223,Real Sociedad,Robin Le Normand,ESP,DF,25,1996,31.1,1533,1740,88.1,30128,8968,485,542,89.5,862,926,93.1,171,240,71.3,0,0.1,0.6,-0.1,3,93,2,0,122
ESP-La Liga,2223,Real Sociedad,Takefusa Kubo,JPN,"FW,MF",21,2001,27.1,621,875,71.0,8389,2340,382,454,84.1,174,249,69.9,29,65,44.6,4,6.0,5.4,-2.0,39,33,34,4,81
ESP-La Liga,2223,Real Sociedad,Umar Sadiq,NGA,FW,25,1997,0.9,13,13,100.0,162,35,9,9,100.0,1,1,100.0,1,1,100.0,0,0.0,0.0,0.0,0,0,0,0,1
ESP-La Liga,2223,Real Sociedad,Álex Remiro,ESP,GK,27,1995,38.0,941,1313,71.7,28583,21541,142,143,99.3,442,458,96.5,357,704,50.7,0,0.0,0.1,0.0,1,28,0,0,1
ESP-La Liga,2223,Sevilla,Adnan Januzaj,BEL,FW,27,1995,0.5,15,24,62.5,229,35,10,12,83.3,4,5,80.0,1,3,33.3,0,0.0,0.0,0.0,0,0,0,0,1
ESP-La Liga,2223,Sevilla,Alex Telles,BRA,DF,29,1992,15.9,542,728,74.5,9200,3455,275,308,89.3,192,254,75.6,59,125,47.2,2,1.8,1.2,0.2,19,41,19,14,42
ESP-La Liga,2223,Sevilla,Bryan Gil,ESP,"FW,DF",21,2001,10.2,284,374,75.9,3630,945,182,201,90.5,88,114,77.2,3,22,13.6,2,0.7,0.7,1.3,8,10,10,3,22
ESP-La Liga,2223,Sevilla,Carlos Álvarez,ESP,MF,18,2003,0.1,4,4,100.0,47,0,2,2,100.0,1,1,100.0,0,0,,0,0.0,0.0,0.0,0,0,0,0,0
ESP-La Liga,2223,Sevilla,Carmona,ESP,DF,20,2002,5.9,269,330,81.5,4412,1380,131,142,92.3,118,147,80.3,17,32,53.1,1,0.4,0.2,0.6,2,24,3,2,11
ESP-La Liga,2223,Sevilla,Diego Iturralde,ESP,DF,19,2003,0.5,8,13,61.5,113,45,5,5,100.0,3,5,60.0,0,2,0.0,0,0.0,0.0,0.0,0,0,0,0,0
ESP-La Liga,2223,Sevilla,Fernando,BRA,"MF,DF",35,1987,17.5,768,873,88.0,13835,3514,330,365,90.4,352,376,93.6,73,102,71.6,1,0.7,0.4,0.3,9,52,3,0,67
ESP-La Liga,2223,Sevilla,Gonzalo Montiel,ARG,DF,25,1997,16.9,661,851,77.7,10029,3892,359,402,89.3,250,322,77.6,34,78,43.6,3,2.1,2.5,0.9,20,53,13,7,57
ESP-La Liga,2223,Sevilla,Isco,ESP,"MF,FW",30,1992,8.9,346,417,83.0,5315,1337,192,211,91.0,109,124,87.9,27,50,54.0,2,1.7,1.1,0.3,17,45,8,0,37
ESP-La Liga,2223,Sevilla,Ivan Rakitić,CRO,MF,34,1988,19.9,997,1241,80.3,17745,4758,490,558,87.8,354,411,86.1,120,203,59.1,3,1.9,2.7,1.1,28,113,23,5,148
ESP-La Liga,2223,Sevilla,Iván Romero,ESP,MF,21,2001,0.1,1,3,33.3,12,2,1,2,50.0,0,1,0.0,0,0,,0,0.0,0.0,0.0,0,0,0,0,0
ESP-La Liga,2223,Sevilla,Jesús Corona,MEX,FW,29,1993,1.2,33,42,78.6,446,40,22,22,100.0,8,13,61.5,2,4,50.0,0,0.2,0.2,-0.2,3,1,2,0,3
ESP-La Liga,2223,Sevilla,Jesús Navas,ESP,"DF,FW",36,1985,22.0,1000,1332,75.1,17177,4865,492,549,89.6,394,517,76.2,93,177,52.5,0,2.8,3.2,-2.8,26,60,46,14,99
ESP-La Liga,2223,Sevilla,Joan Jordán,ESP,MF,28,1994,17.7,963,1102,87.4,17030,4971,473,511,92.6,357,397,89.9,113,148,76.4,1,0.6,0.8,0.4,8,134,6,0,123
ESP-La Liga,2223,Sevilla,Karim Rekik,NED,DF,27,1994,13.1,642,700,91.7,11249,3819,262,272,96.3,333,353,94.3,38,59,64.4,1,0.1,0.1,0.9,4,48,2,1,50
ESP-La Liga,2223,Sevilla,Kasper Dolberg,DEN,FW,24,1997,2.2,19,28,67.9,257,27,13,18,72.2,3,5,60.0,2,3,66.7,1,0.4,0.0,0.6,1,1,0,0,2
ESP-La Liga,2223,Sevilla,Kike Salas,ESP,DF,20,2002,4.1,177,211,83.9,3258,1273,69,74,93.2,89,100,89.0,18,32,56.3,1,0.2,0.0,0.8,1,9,1,0,14
ESP-La Liga,2223,Sevilla,Loïc Bade,FRA,DF,22,2000,16.1,735,847,86.8,13873,4762,253,273,92.7,409,445,91.9,64,105,61.0,0,0.1,0.1,-0.1,2,40,0,0,42
ESP-La Liga,2223,Sevilla,Lucas Ocampos,ARG,"FW,MF",28,1994,12.9,333,450,74.0,4746,848,203,245,82.9,100,131,76.3,16,35,45.7,0,1.4,1.3,-1.4,13,16,12,4,37
ESP-La Liga,2223,Sevilla,Manu Bueno,ESP,MF,18,2004,1.7,52,66,78.8,952,253,16,19,84.2,28,29,96.6,5,11,45.5,0,0.1,0.0,-0.1,2,5,0,0,4
ESP-La Liga,2223,Sevilla,Marcos Acuña,ARG,DF,30,1991,21.2,970,1307,74.2,18018,6997,446,499,89.4,380,491,77.4,128,260,49.2,2,4.3,5.7,-2.3,38,71,38,19,102
ESP-La Liga,2223,Sevilla,Marcão,BRA,DF,26,1996,4.2,187,217,86.2,3094,1265,91,98,92.9,87,93,93.5,8,20,40.0,0,0.0,0.0,0.0,0,16,0,0,13
ESP-La Liga,2223,Sevilla,Marko Dmitrović,SRB,GK,30,1992,14.1,271,508,53.3,9990,8313,33,33,100.0,111,112,99.1,127,356,35.7,0,0.0,0.1,0.0,0,22,1,0,0
ESP-La Liga,2223,Sevilla,Nemanja Gudelj,SRB,"DF,MF",30,1991,30.9,1445,1602,90.2,25141,8231,593,639,92.8,737,781,94.4,88,134,65.7,1,0.4,0.6,0.6,5,113,6,2,110
ESP-La Liga,2223,Sevilla,Pape Gueye,SEN,MF,23,1999,13.0,447,553,80.8,8299,2200,205,223,91.9,177,209,84.7,61,94,64.9,3,1.2,0.9,1.8,10,52,2,1,59
ESP-La Liga,2223,Sevilla,Papu Gómez,ARG,"FW,MF",34,1988,11.8,450,535,84.1,7565,2319,242,260,93.1,157,187,84.0,43,64,67.2,1,1.7,2.0,-0.7,14,46,25,6,82
ESP-La Liga,2223,Sevilla,Pedro Ortiz,ESP,MF,21,2000,0.0,1,1,100.0,12,0,1,1,100.0,0,0,,0,0,,0,0.0,0.0,0.0,0,0,0,0,0
ESP-La Liga,2223,Sevilla,Rafa Mir,ESP,FW,25,1997,14.4,176,262,67.2,2380,325,107,145,73.8,52,76,68.4,6,14,42.9,0,1.0,0.9,-1.0,9,7,0,0,11
ESP-La Liga,2223,Sevilla,Suso,ESP,"MF,FW",28,1993,11.8,444,572,77.6,8092,2148,223,245,91.0,156,198,78.8,59,101,58.4,4,2.8,3.2,1.2,28,40,28,7,86
ESP-La Liga,2223,Sevilla,Tanguy Nianzou,FRA,DF,20,2002,15.2,676,772,87.6,12120,4079,255,280,91.1,378,403,93.8,39,73,53.4,0,0.0,0.2,0.0,1,58,0,0,66
ESP-La Liga,2223,Sevilla,Thomas Delaney,DEN,MF,30,1991,3.4,140,164,85.4,2173,461,71,76,93.4,54,64,84.4,8,14,57.1,0,0.1,0.6,-0.1,2,6,3,1,7
ESP-La Liga,2223,Sevilla,Yassine Bounou,MAR,GK,31,1991,23.9,717,949,75.6,18725,13212,155,155,100.0,341,349,97.7,219,440,49.8,0,0.0,0.0,0.0,0,7,0,0,1
ESP-La Liga,2223,Sevilla,Youssef En-Nesyri,MAR,FW,25,1997,18.5,156,241,64.7,2202,328,96,135,71.1,50,75,66.7,4,8,50.0,1,1.1,0.5,-0.1,10,4,1,0,12
ESP-La Liga,2223,Sevilla,Érik Lamela,ARG,"FW,MF",30,1992,20.5,588,770,76.4,8118,1522,346,409,84.6,180,224,80.4,26,39,66.7,0,1.4,1.3,-1.4,24,38,21,1,69
ESP-La Liga,2223,Sevilla,Óliver Torres,ESP,"MF,FW",27,1994,23.7,862,1104,78.1,14469,3748,462,529,87.3,272,342,79.5,98,150,65.3,1,3.3,3.3,-2.3,37,98,29,8,136
ESP-La Liga,2223,Valencia,Alberto Marí,ESP,"FW,MF",21,2001,1.0,8,20,40.0,102,7,7,12,58.3,1,4,25.0,0,0,,0,0.0,0.0,0.0,0,1,0,0,1
ESP-La Liga,2223,Valencia,Carlos Soler,ESP,MF,25,1997,2.7,92,123,74.8,1388,378,52,59,88.1,23,28,82.1,9,24,37.5,0,0.2,0.2,-0.2,4,5,4,0,13
ESP-La Liga,2223,Valencia,Cenk Özkacar,TUR,DF,21,2000,15.2,646,769,84.0,12014,4500,274,315,87.0,308,341,90.3,60,91,65.9,0,0.2,0.3,-0.2,4,54,3,1,61
ESP-La Liga,2223,Valencia,Cristhian Mosquera,ESP,DF,18,2004,1.6,53,65,81.5,828,314,29,33,87.9,20,23,87.0,4,9,44.4,0,0.0,0.0,0.0,0,0,0,0,1
ESP-La Liga,2223,Valencia,Diego López,ESP,"FW,MF",20,2002,5.0,101,151,66.9,1553,496,56,73,76.7,30,46,65.2,9,14,64.3,1,1.1,1.0,-0.1,10,7,11,4,17
ESP-La Liga,2223,Valencia,Dimitri Foulquier,FRA,DF,29,1993,19.3,663,932,71.1,11039,4516,338,381,88.7,261,361,72.3,51,120,42.5,2,1.7,2.0,0.3,12,61,21,14,70
ESP-La Liga,2223,Valencia,Domingos André Ribeiro Almeida,POR,MF,22,2000,28.2,1110,1402,79.2,18396,6030,561,624,89.9,396,485,81.6,110,213,51.6,4,3.4,4.0,0.6,43,143,43,13,197
ESP-La Liga,2223,Valencia,Edinson Cavani,URU,FW,35,1987,16.1,263,354,74.3,4029,556,161,203,79.3,73,94,77.7,22,27,81.5,2,1.7,1.1,0.3,12,14,4,0,20
ESP-La Liga,2223,Valencia,Eray Cömert,SUI,DF,24,1998,18.6,815,945,86.2,17301,5980,208,234,88.9,484,514,94.2,113,170,66.5,0,0.1,0.2,-0.1,3,48,2,0,54
ESP-La Liga,2223,Valencia,Francisco Perez,ESP,"FW,MF",19,2002,1.6,59,77,76.6,832,197,31,36,86.1,23,29,79.3,1,3,33.3,0,0.0,0.1,0.0,0,2,3,0,8
ESP-La Liga,2223,Valencia,Gabriel Paulista,BRA,DF,31,1990,16.7,645,769,83.9,12734,5198,221,251,88.0,329,373,88.2,87,127,68.5,0,0.3,0.4,-0.3,5,53,4,0,61
ESP-La Liga,2223,Valencia,Giorgi Mamardashvili,GEO,GK,21,2000,38.0,697,1086,64.2,20406,15742,144,144,100.0,310,318,97.5,237,613,38.7,0,0.0,0.0,0.0,0,17,0,0,2
ESP-La Liga,2223,Valencia,Hugo Duro,ESP,FW,22,1999,15.4,203,277,73.3,2602,327,134,169,79.3,47,63,74.6,6,12,50.0,1,1.1,0.5,-0.1,11,13,1,0,19
ESP-La Liga,2223,Valencia,Hugo Guillamón,ESP,MF,22,2000,18.1,852,1028,82.9,15768,4177,367,407,90.2,335,389,86.1,122,169,72.2,4,1.6,1.5,2.4,25,96,11,3,101
ESP-La Liga,2223,Valencia,Ilaix Moriba,GUI,MF,19,2003,11.2,403,501,80.4,6210,1890,222,259,85.7,142,169,84.0,27,39,69.2,2,1.0,1.1,1.0,12,53,12,2,67
ESP-La Liga,2223,Valencia,Javier Guerra,ESP,MF,19,2003,6.7,188,239,78.7,2919,763,91,107,85.0,76,86,88.4,10,23,43.5,0,1.1,1.7,-1.1,5,15,10,1,30
ESP-La Liga,2223,Valencia,Jesus Vazquez,ESP,"DF,MF",19,2003,3.4,142,171,83.0,1882,677,95,104,91.3,42,52,80.8,3,7,42.9,0,0.3,0.5,-0.3,3,12,3,3,13
ESP-La Liga,2223,Valencia,José Luis Gayà,ESP,DF,27,1995,30.1,1284,1734,74.0,21391,7892,681,744,91.5,466,625,74.6,115,276,41.7,3,5.5,5.6,-2.5,58,94,40,27,124
ESP-La Liga,2223,Valencia,Justin Kluivert,NED,"FW,MF",23,1999,16.1,276,399,69.2,4236,977,163,203,80.3,80,112,71.4,23,50,46.0,0,2.4,2.1,-2.4,23,15,21,10,33
ESP-La Liga,2223,Valencia,Marcos André,BRA,"FW,MF",25,1996,5.0,43,64,67.2,631,160,21,32,65.6,18,23,78.3,1,4,25.0,0,0.4,0.2,-0.4,4,4,1,0,7
ESP-La Liga,2223,Valencia,Maxi Gómez,URU,FW,25,1996,1.2,9,14,64.3,131,3,5,5,100.0,2,4,50.0,1,3,33.3,0,0.2,0.2,-0.2,2,0,0,0,0
ESP-La Liga,2223,Valencia,Mouctar Diakhaby,GUI,DF,25,1996,27.2,971,1185,81.9,20225,7159,264,304,86.8,569,643,88.5,131,221,59.3,0,0.3,0.4,-0.3,5,76,0,0,86
ESP-La Liga,2223,Valencia,Nicolás González,ESP,MF,20,2002,15.6,676,778,86.9,10855,3185,339,372,91.1,293,328,89.3,31,52,59.6,1,1.3,1.4,-0.3,12,92,9,0,81
ESP-La Liga,2223,Valencia,Samu Castillejo,ESP,"FW,MF",27,1995,15.1,474,622,76.2,7687,2158,251,284,88.4,159,197,80.7,44,90,48.9,0,3.0,2.7,-3.0,30,49,21,6,76
ESP-La Liga,2223,Valencia,Samuel Lino,BRA,"FW,MF",22,1999,32.1,878,1163,75.5,12024,2590,538,613,87.8,256,342,74.9,36,77,46.8,1,2.1,3.7,-1.1,27,46,30,7,93
ESP-La Liga,2223,Valencia,Thierry Correia,POR,DF,23,1999,22.3,1047,1363,76.8,17275,6276,569,640,88.9,362,466,77.7,98,194,50.5,0,1.1,2.1,-1.1,14,101,26,14,104
ESP-La Liga,2223,Valencia,Toni Lato,ESP,"DF,MF",24,1997,10.2,390,490,79.6,6140,2040,205,228,89.9,148,177,83.6,26,61,42.6,0,0.9,1.0,-0.9,15,32,10,2,40
ESP-La Liga,2223,Valencia,Yunus Musah,USA,MF,19,2002,23.4,604,771,78.3,10218,2277,293,348,84.2,252,296,85.1,43,64,67.2,2,1.8,1.8,0.2,16,52,12,4,93
ESP-La Liga,2223,Valladolid,Anuar,MAR,"MF,FW",27,1995,2.3,30,40,75.0,363,114,18,23,78.3,9,10,90.0,0,0,,0,0.5,0.0,-0.5,4,3,0,0,3
ESP-La Liga,2223,Valladolid,Babatunde Akinsola,NGA,FW,19,2003,0.1,2,2,100.0,41,0,0,0,,2,2,100.0,0,0,,0,0.0,0.0,0.0,0,0,0,0,0
ESP-La Liga,2223,Valladolid,Cyle Larin,CAN,FW,27,1995,16.3,170,247,68.8,2289,370,106,134,79.1,42,58,72.4,9,14,64.3,3,2.6,1.1,0.4,16,5,7,1,17
ESP-La Liga,2223,Valladolid,Darwin Machís,VEN,FW,29,1993,6.7,137,208,65.9,2613,731,68,81,84.0,42,55,76.4,24,47,51.1,1,2.1,1.8,-1.1,9,7,11,10,10
ESP-La Liga,2223,Valladolid,David Torres,ESP,DF,19,2003,4.3,184,231,79.7,3415,1102,66,72,91.7,104,117,88.9,14,32,43.8,0,0.0,0.0,0.0,1,8,0,0,11
ESP-La Liga,2223,Valladolid,Gonzalo Plata,ECU,FW,21,2000,25.6,582,782,74.4,7367,1681,387,458,84.5,145,193,75.1,18,47,38.3,5,3.1,2.6,1.9,37,28,19,3,54
ESP-La Liga,2223,Valladolid,Iván Fresneda,ESP,DF,17,2004,19.4,710,922,77.0,11295,3707,366,413,88.6,264,336,78.6,56,108,51.9,0,1.5,1.2,-1.5,18,55,16,11,62
ESP-La Liga,2223,Valladolid,Iván Sánchez,ESP,"MF,FW",29,1992,12.8,381,480,79.4,6282,1895,175,201,87.1,160,183,87.4,29,53,54.7,1,1.6,1.7,-0.6,17,36,16,8,65
ESP-La Liga,2223,Valladolid,Javi Sánchez,ESP,DF,25,1997,26.6,962,1175,81.9,19443,7131,314,350,89.7,499,551,90.6,131,228,57.5,0,0.1,0.4,-0.1,3,65,3,0,74
ESP-La Liga,2223,Valladolid,Jawad El Yamiq,MAR,DF,30,1992,17.9,745,919,81.1,14945,5590,269,296,90.9,354,403,87.8,110,188,58.5,0,0.4,0.6,-0.4,5,48,2,0,55
ESP-La Liga,2223,Valladolid,Joaquín Fernández,ESP,DF,26,1996,24.0,820,994,82.5,16781,6545,249,270,92.2,445,502,88.6,110,185,59.5,0,0.1,0.2,-0.1,2,53,4,0,42
ESP-La Liga,2223,Valladolid,Jordi Masip,ESP,GK,33,1989,27.9,679,963,70.5,19683,14573,93,93,100.0,345,348,99.1,233,511,45.6,0,0.0,0.0,0.0,0,15,0,0,0
ESP-La Liga,2223,Valladolid,Juanjo Narváez,COL,"MF,FW",27,1995,1.6,25,36,69.4,270,31,18,22,81.8,5,7,71.4,0,1,0.0,0,0.0,0.0,0.0,0,0,0,0,0
ESP-La Liga,2223,Valladolid,Kenedy,BRA,"FW,DF",26,1996,3.1,57,86,66.3,800,232,34,42,81.0,19,25,76.0,2,10,20.0,1,0.6,0.6,0.4,4,7,2,2,4
ESP-La Liga,2223,Valladolid,Kike Pérez,ESP,MF,25,1997,25.6,927,1223,75.8,16632,4584,446,527,84.6,338,413,81.8,123,199,61.8,2,2.2,2.0,-0.2,32,101,19,5,134
ESP-La Liga,2223,Valladolid,Lucas Olaza,URU,DF,28,1994,16.6,606,797,76.0,10317,4171,271,308,88.0,263,321,81.9,53,111,47.7,1,1.0,1.0,0.0,16,34,17,8,66
ESP-La Liga,2223,Valladolid,Lucas Oliveira Rosa,BRA,DF,22,2000,10.3,315,437,72.1,4864,1535,166,189,87.8,121,165,73.3,19,47,40.4,1,1.0,0.7,0.0,10,8,11,7,22
ESP-La Liga,2223,Valladolid,Luis Pérez,ESP,DF,27,1995,13.5,436,574,76.0,7137,2375,232,253,91.7,149,204,73.0,42,70,60.0,1,0.9,0.9,0.1,13,30,15,13,42
ESP-La Liga,2223,Valladolid,Manuel Pozo,ESP,FW,20,2001,0.2,6,8,75.0,89,38,3,4,75.0,1,2,50.0,1,1,100.0,0,0.0,0.0,0.0,1,1,0,0,1
ESP-La Liga,2223,Valladolid,Martin Hongla,CMR,"DF,MF",24,1998,14.5,520,634,82.0,11242,3295,147,172,85.5,265,285,93.0,98,151,64.9,0,0.3,0.3,-0.3,2,33,4,1,50
ESP-La Liga,2223,Valladolid,Mickael Malsa,MTQ,MF,26,1995,0.8,13,20,65.0,156,92,7,9,77.8,5,8,62.5,0,0,,0,0.0,0.0,0.0,0,3,0,0,5
ESP-La Liga,2223,Valladolid,Monchu,ESP,MF,22,1999,22.6,833,1054,79.0,16192,4815,369,410,90.0,303,375,80.8,144,231,62.3,2,2.0,1.7,0.0,25,98,5,2,111
ESP-La Liga,2223,Valladolid,Roberto Arroyo,ESP,MF,18,2003,0.2,0,5,0.0,0,0,0,0,,0,0,,0,1,0.0,0,0.0,0.0,0.0,0,0,0,0,0
ESP-La Liga,2223,Valladolid,Roque Mesa,ESP,MF,33,1989,18.0,790,963,82.0,15512,4724,301,343,87.8,342,382,89.5,121,187,64.7,1,1.0,1.2,0.0,18,106,18,4,116
ESP-La Liga,2223,Valladolid,Selim Amallah,MAR,"MF,FW",25,1996,3.0,63,83,75.9,1030,268,30,38,78.9,23,30,76.7,6,8,75.0,1,0.3,0.2,0.7,3,7,2,0,10
ESP-La Liga,2223,Valladolid,Sergi Guardiola,ESP,FW,31,1991,5.6,74,117,63.2,948,149,47,65,72.3,18,26,69.2,3,5,60.0,0,0.1,0.2,-0.1,2,1,1,1,3
ESP-La Liga,2223,Valladolid,Sergio Asenjo,ESP,GK,33,1989,10.0,233,353,66.0,7218,5138,33,33,100.0,107,112,95.5,91,203,44.8,0,0.0,0.0,0.0,0,4,0,0,0
ESP-La Liga,2223,Valladolid,Sergio Escudero,ESP,DF,32,1989,16.0,528,743,71.1,9041,3725,259,286,90.6,201,271,74.2,55,132,41.7,0,1.8,1.6,-1.8,16,30,16,9,40
ESP-La Liga,2223,Valladolid,Sergio León,ESP,FW,33,1989,14.8,138,206,67.0,2143,398,72,92,78.3,46,65,70.8,9,20,45.0,1,1.2,0.6,-0.2,12,5,6,1,22
ESP-La Liga,2223,Valladolid,Shon Weissman,ISR,FW,26,1996,8.3,70,91,76.9,749,113,52,61,85.2,12,16,75.0,1,3,33.3,0,0.2,0.4,-0.2,3,3,0,0,4
ESP-La Liga,2223,Valladolid,Sékou Gassama,SEN,FW,27,1995,0.4,7,9,77.8,87,0,5,7,71.4,2,2,100.0,0,0,,0,0.0,0.0,0.0,1,0,0,0,0
ESP-La Liga,2223,Valladolid,Toni Villa,ESP,MF,27,1995,1.0,20,32,62.5,258,109,13,16,81.3,5,8,62.5,1,3,33.3,0,0.0,0.0,0.0,1,2,0,0,4
ESP-La Liga,2223,Valladolid,Zouhair Feddal,MAR,DF,33,1989,4.2,159,201,79.1,3405,1439,44,49,89.8,83,96,86.5,26,48,54.2,0,0.1,0.0,-0.1,2,6,1,0,5
ESP-La Liga,2223,Valladolid,Álvaro Aceves,ESP,GK,19,2003,0.1,7,8,87.5,151,113,2,2,100.0,4,4,100.0,1,2,50.0,0,0.0,0.0,0.0,0,0,0,0,0
ESP-La Liga,2223,Valladolid,Álvaro Aguado,ESP,MF,26,1996,21.0,930,1142,81.4,18906,5096,359,404,88.9,371,429,86.5,174,246,70.7,2,2.2,2.0,-0.2,35,111,11,2,139
ESP-La Liga,2223,Valladolid,Óscar Plano,ESP,"FW,MF",31,1991,22.6,468,640,73.1,7102,1888,252,326,77.3,157,195,80.5,30,49,61.2,1,1.6,1.4,-0.6,16,56,17,4,73
ESP-La Liga,2223,Villarreal,Alberto Del Moral,ESP,MF,22,2000,0.1,0,1,0.0,0,0,0,0,,0,0,,0,1,0.0,0,0.0,0.0,0.0,0,0,0,0,0
ESP-La Liga,2223,Villarreal,Alberto Moreno,ESP,DF,30,1992,14.4,605,730,82.9,9845,2768,298,329,90.6,252,283,89.0,36,64,56.3,1,1.4,1.9,-0.4,12,18,24,6,47
ESP-La Liga,2223,Villarreal,Alex Baena,ESP,"MF,FW",21,2001,21.6,681,859,79.3,11154,3034,340,380,89.5,257,301,85.4,59,100,59.0,2,5.2,3.8,-3.2,31,75,43,3,124
ESP-La Liga,2223,Villarreal,Alfonso Pedraza,ESP,DF,26,1996,18.1,641,832,77.0,9606,2553,366,401,91.3,221,283,78.1,35,80,43.8,3,2.0,1.3,1.0,18,22,19,9,31
ESP-La Liga,2223,Villarreal,Arnaut Danjuma,NED,FW,25,1997,5.3,70,95,73.7,999,169,44,61,72.1,20,26,76.9,2,3,66.7,0,0.4,0.3,-0.4,5,3,3,2,2
ESP-La Liga,2223,Villarreal,Aïssa Mandi,ALG,DF,30,1991,16.2,826,911,90.7,16064,5793,288,303,95.0,427,462,92.4,98,120,81.7,0,0.3,0.4,-0.3,4,30,3,0,36
ESP-La Liga,2223,Villarreal,Daniel Parejo,ESP,MF,33,1989,36.5,2224,2569,86.6,40111,13261,1001,1069,93.6,915,1001,91.4,255,393,64.9,4,4.1,5.1,-0.1,50,271,35,3,250
ESP-La Liga,2223,Villarreal,Diego Collado,ESP,FW,21,2001,0.1,5,7,71.4,111,15,2,3,66.7,2,2,100.0,1,1,100.0,0,0.0,0.0,0.0,0,0,0,0,1
ESP-La Liga,2223,Villarreal,Fernando Niño,ESP,"MF,FW",21,2000,0.2,5,5,100.0,62,0,4,4,100.0,1,1,100.0,0,0,,0,0.0,0.0,0.0,0,0,0,0,0
ESP-La Liga,2223,Villarreal,Filip Jørgensen,DEN,GK,20,2002,2.0,49,55,89.1,908,552,16,16,100.0,27,28,96.4,6,11,54.5,0,0.0,0.0,0.0,0,0,0,0,0
ESP-La Liga,2223,Villarreal,Francis Coquelin,FRA,MF,31,1991,8.3,265,311,85.2,3778,803,152,167,91.0,80,88,90.9,14,20,70.0,0,1.0,1.2,-1.0,6,19,3,1,29
ESP-La Liga,2223,Villarreal,Gerard Moreno,ESP,FW,30,1992,13.7,353,483,73.1,5825,1500,169,216,78.2,129,167,77.2,39,48,81.3,3,2.7,1.4,0.3,19,35,25,1,68
ESP-La Liga,2223,Villarreal,Gerónimo Rulli,ARG,GK,30,1992,14.0,464,543,85.5,11876,7752,82,83,98.8,270,271,99.6,109,184,59.2,0,0.0,0.0,0.0,0,6,0,0,0
ESP-La Liga,2223,Villarreal,Giovani Lo Celso,ARG,"MF,FW",26,1996,12.5,578,694,83.3,9815,2691,294,331,88.8,191,225,84.9,72,92,78.3,3,3.3,3.1,-0.3,31,51,29,1,97
ESP-La Liga,2223,Villarreal,Haissem Hassan,FRA,"FW,MF",20,2002,0.6,15,20,75.0,292,38,6,8,75.0,7,9,77.8,2,2,100.0,0,0.0,0.0,0.0,1,3,0,0,0
ESP-La Liga,2223,Villarreal,Johan Mojica,COL,DF,29,1992,7.1,318,395,80.5,5334,1393,150,164,91.5,133,153,86.9,27,45,60.0,0,0.9,1.0,-0.9,9,18,3,3,19
ESP-La Liga,2223,Villarreal,Jorge Cuenca,ESP,DF,22,1999,5.6,334,384,87.0,6357,2355,111,119,93.3,191,204,93.6,28,51,54.9,0,0.1,0.2,-0.1,1,21,2,0,26
ESP-La Liga,2223,Villarreal,José Luis Morales,ESP,"FW,MF",35,1987,13.5,181,258,70.2,2380,486,121,150,80.7,46,66,69.7,7,11,63.6,0,1.6,1.0,-1.6,9,4,10,2,15
ESP-La Liga,2223,Villarreal,Juan Foyth,ARG,DF,24,1998,21.8,1116,1276,87.5,18588,7017,571,619,92.2,438,480,91.3,91,132,68.9,0,1.6,1.4,-1.6,13,90,13,3,100
ESP-La Liga,2223,Villarreal,Kiko Femenía,ESP,DF,31,1991,12.6,667,778,85.7,10318,2945,344,371,92.7,273,308,88.6,32,62,51.6,0,0.7,0.4,-0.7,9,49,10,4,66
ESP-La Liga,2223,Villarreal,Mamadou Fall,SEN,DF,19,2002,0.3,13,16,81.3,254,64,3,3,100.0,8,9,88.9,2,3,66.7,0,0.0,0.0,0.0,0,0,1,1,1
ESP-La Liga,2223,Villarreal,Manu Morlanes,ESP,MF,23,1999,1.8,36,46,78.3,596,151,19,21,90.5,13,15,86.7,4,7,57.1,0,0.0,0.0,0.0,0,6,0,0,6
ESP-La Liga,2223,Villarreal,Manu Trigueros,ESP,MF,30,1991,9.2,475,534,89.0,6910,1993,270,288,93.8,155,175,88.6,25,35,71.4,1,1.1,0.7,-0.1,10,69,12,1,76
ESP-La Liga,2223,Villarreal,Nicolas Jackson,SEN,FW,21,2001,17.8,246,325,75.7,3440,710,143,183,78.1,69,84,82.1,13,15,86.7,4,3.1,2.0,0.9,21,25,9,0,40
ESP-La Liga,2223,Villarreal,Pascu,ESP,"DF,FW",19,2003,0.1,5,8,62.5,68,15,2,5,40.0,2,2,100.0,0,0,,0,0.0,0.0,0.0,0,1,0,0,1
ESP-La Liga,2223,Villarreal,Pau Torres,ESP,DF,25,1997,33.9,1855,2179,85.1,37186,12825,632,680,92.9,934,1024,91.2,262,414,63.3,0,1.0,1.4,-1.0,14,187,14,1,197
ESP-La Liga,2223,Villarreal,Pepe Reina,ESP,GK,39,1982,22.0,685,855,80.1,16159,10999,142,145,97.9,400,405,98.8,143,303,47.2,0,0.7,0.0,-0.7,1,5,0,0,0
ESP-La Liga,2223,Villarreal,Ramón Terrats,ESP,MF,21,2000,9.1,356,425,83.8,5550,1343,207,222,93.2,108,131,82.4,33,50,66.0,1,1.5,1.1,-0.5,10,30,9,1,45
ESP-La Liga,2223,Villarreal,Raúl Albiol,ESP,DF,36,1985,23.5,1303,1472,88.5,28074,10667,321,349,92.0,757,811,93.3,215,287,74.9,0,0.0,0.5,0.0,2,98,5,0,100
ESP-La Liga,2223,Villarreal,Samuel Chukwueze,NGA,"FW,MF",23,1999,26.0,697,908,76.8,10572,2312,402,467,86.1,229,289,79.2,50,76,65.8,5,4.3,4.4,0.7,44,35,45,7,85
ESP-La Liga,2223,Villarreal,Yeremi Pino,ESP,"FW,MF",19,2002,27.2,651,845,77.0,8933,1516,412,474,86.9,184,228,80.7,31,49,63.3,6,5.7,4.5,0.3,44,18,24,2,62
ESP-La Liga,2223,Villarreal,Étienne Capoue,FRA,MF,34,1988,21.7,915,1043,87.7,14387,3476,469,516,90.9,362,393,92.1,52,78,66.7,0,1.2,1.0,-1.2,10,115,8,1,98
